race_id,date,distance,weather,num_horses,horse_id,horse_name,rank,FP,pop,odds,time,last3f,weight,sex_age,jockey,venue,surface_type,track_condition,url_jp
202406010107,2024-01-06,1200.0,Sunny,,2021110021.0,Spirit Guide,1,5,524(+4),3,1:07.6,4.8,57,3C,K.Tosaki,NAKAYAMA,TURF,Gd,https://db.netkeiba.com/race/202406010107/
202406010107,2024-01-06,1200.0,Sunny,,2021101394.0,Mon Reve,10,10,468(+2),7,1:08.5,24.5,54,3F,D.Sasaki,NAKAYAMA,TURF,Gd,https://db.netkeiba.com/race/202406010107/
202406010107,2024-01-06,1200.0,Sunny,,2021103552.0,Isla Azul,11,12,466(0),8,1:08.7,25.9,53,3C,M.Kobayashi,NAKAYAMA,TURF,Gd,https://db.netkeiba.com/race/202406010107/
202406010107,2024-01-06,1200.0,Sunny,,2021106372.0,Itsutsuboshi,12,2,410(0),13,1:09.0,157.6,53,3F,N.Fujita,NAKAYAMA,TURF,Gd,https://db.netkeiba.com/race/202406010107/
202406010107,2024-01-06,1200.0,Sunny,,2021102669.0,Stella City,13,7,456(-2),10,1:09.1,42.9,55,3F,H.Tanabe,NAKAYAMA,TURF,Gd,https://db.netkeiba.com/race/202406010107/
202406010107,2024-01-06,1200.0,Sunny,,2021106440.0,Arararara,2,3,440(-8),1,1:07.7,2.7,57,3C,Y.Tannai,NAKAYAMA,TURF,Gd,https://db.netkeiba.com/race/202406010107/
202406010107,2024-01-06,1200.0,Sunny,,2021102670.0,Isa Chil Seaside,3,8,478(+8),9,1:07.7,26.3,57,3C,H.Kowata,NAKAYAMA,TURF,Gd,https://db.netkeiba.com/race/202406010107/
202406010107,2024-01-06,1200.0,Sunny,,2021102388.0,Kaiko,4,4,452(-12),11,1:08.1,44.0,57,3G,A.Sugawara,NAKAYAMA,TURF,Gd,https://db.netkeiba.com/race/202406010107/
202406010107,2024-01-06,1200.0,Sunny,,2021106939.0,Taisei Festa,5,11,484(0),5,1:08.1,16.4,57,3C,K.Yokoyama,NAKAYAMA,TURF,Gd,https://db.netkeiba.com/race/202406010107/
202406010107,2024-01-06,1200.0,Sunny,,2021105057.0,On the Venus,6,1,428(0),6,1:08.1,21.3,55,3F,R.Piechulek,NAKAYAMA,TURF,Gd,https://db.netkeiba.com/race/202406010107/
202406010107,2024-01-06,1200.0,Sunny,,2021100356.0,Cool Baby,7,9,470(+4),4,1:08.2,11.8,54,3F,Y.Hara,NAKAYAMA,TURF,Gd,https://db.netkeiba.com/race/202406010107/
202406010107,2024-01-06,1200.0,Sunny,,2021101905.0,Kyoei Cancer,8,13,472(+8),12,1:08.3,70.7,56,3C,T.Nagano,NAKAYAMA,TURF,Gd,https://db.netkeiba.com/race/202406010107/
202406010107,2024-01-06,1200.0,Sunny,,2021104665.0,Raisins Noirs,9,6,474(+6),2,1:08.4,3.2,57,3C,T.Yokoyama,NAKAYAMA,TURF,Gd,https://db.netkeiba.com/race/202406010107/
202406010107,2024-01-06,1200.0,Sunny,,,Horse,FP,PP,Horse Wgt.(kg),Fav,FT,Odds,Wgt.(kg),A&S,Jockey,NAKAYAMA,TURF,Gd,https://db.netkeiba.com/race/202406010107/
202408010106,2024-01-06,1200.0,Cloudy,,2021107058.0,Puro Magic,1,2,444(-2),1,1:08.8,1.3,55,3F,R.Sakai,NAKAYAMA,TURF,Gd,https://db.netkeiba.com/race/202408010106/
202408010106,2024-01-06,1200.0,Cloudy,,2021105018.0,Preparation,10,9,448(0),10,1:11.3,352.5,55,3F,K.Kawamata,NAKAYAMA,TURF,Gd,https://db.netkeiba.com/race/202408010106/
202408010106,2024-01-06,1200.0,Cloudy,,2021101598.0,Uncle Cross,2,3,466(-6),3,1:09.1,7.7,57,3C,Y.Nagaoka,NAKAYAMA,TURF,Gd,https://db.netkeiba.com/race/202408010106/
202408010106,2024-01-06,1200.0,Cloudy,,2021110033.0,Passing Shower,3,7,488(+12),2,1:09.7,5.1,57,3C,A.Nishimura,NAKAYAMA,TURF,Gd,https://db.netkeiba.com/race/202408010106/
202408010106,2024-01-06,1200.0,Cloudy,,2021105175.0,St Kilda,4,6,468(-4),7,1:10.0,62.7,57,3C,Y.Kitamura,NAKAYAMA,TURF,Gd,https://db.netkeiba.com/race/202408010106/
202408010106,2024-01-06,1200.0,Cloudy,,2021105312.0,Rouge Rebecca,5,1,448(-2),6,1:10.3,30.6,55,3F,Y.Furukawa,NAKAYAMA,TURF,Gd,https://db.netkeiba.com/race/202408010106/
202408010106,2024-01-06,1200.0,Cloudy,,2021109114.0,Aitaka,6,10,414(0),4,1:10.3,11.2,51,3F,N.Kawaharada,NAKAYAMA,TURF,Gd,https://db.netkeiba.com/race/202408010106/
202408010106,2024-01-06,1200.0,Cloudy,,2021100653.0,Agassi,7,5,496(+24),5,1:10.5,22.2,57,3C,Y.Take,NAKAYAMA,TURF,Gd,https://db.netkeiba.com/race/202408010106/
202408010106,2024-01-06,1200.0,Cloudy,,2021106395.0,Happy Surprise,8,8,448(0),8,1:10.6,93.3,57,3C,F.Matsuwaka,NAKAYAMA,TURF,Gd,https://db.netkeiba.com/race/202408010106/
202408010106,2024-01-06,1200.0,Cloudy,,2021105435.0,Annabelle Eclat,9,4,446(-4),9,1:11.3,100.8,55,3F,M.Iwata,NAKAYAMA,TURF,Gd,https://db.netkeiba.com/race/202408010106/
202408010106,2024-01-06,1200.0,Cloudy,,,Horse,FP,PP,Horse Wgt.(kg),Fav,FT,Odds,Wgt.(kg),A&S,Jockey,NAKAYAMA,TURF,Gd,https://db.netkeiba.com/race/202408010106/
202406010409,2024-01-13,1600.0,Cloudy,,2021105105.0,Mirabilis Magic,1,6,452(0),2,1:33.4,3.5,55,3F,H.Tanabe,NAKAYAMA,TURF,Gd,https://db.netkeiba.com/race/202406010409/
202406010409,2024-01-13,1600.0,Cloudy,,2021105775.0,Rouge Stunning,10,4,494(-2),3,1:34.2,6.1,55,3F,K.Tosaki,NAKAYAMA,TURF,Gd,https://db.netkeiba.com/race/202406010409/
202406010409,2024-01-13,1600.0,Cloudy,,2021100102.0,Coconut Cute,11,7,448(+2),12,1:34.6,662.7,55,3F,K.Maruta,NAKAYAMA,TURF,Gd,https://db.netkeiba.com/race/202406010409/
202406010409,2024-01-13,1600.0,Cloudy,,2021106655.0,Lotus Wand,12,12,454(-8),11,1:34.9,195.8,55,3F,A.Sugawara,NAKAYAMA,TURF,Gd,https://db.netkeiba.com/race/202406010409/
202406010409,2024-01-13,1600.0,Cloudy,,2021105956.0,London Arms,2,5,438(+4),9,1:33.5,59.6,55,3F,K.Yokoyama,NAKAYAMA,TURF,Gd,https://db.netkeiba.com/race/202406010409/
202406010409,2024-01-13,1600.0,Cloudy,,2021106195.0,Win Dione,3,3,456(0),6,1:33.6,12.4,55,3F,R.Kingscote,NAKAYAMA,TURF,Gd,https://db.netkeiba.com/race/202406010409/
202406010409,2024-01-13,1600.0,Cloudy,,2021105529.0,Lux Noah,4,2,454(-12),5,1:33.6,11.6,55,3F,A.Tsumura,NAKAYAMA,TURF,Gd,https://db.netkeiba.com/race/202406010409/
202406010409,2024-01-13,1600.0,Cloudy,,2021105801.0,Mi Anhelo,5,8,478(0),1,1:33.6,2.4,55,3F,C.Lemaire,NAKAYAMA,TURF,Gd,https://db.netkeiba.com/race/202406010409/
202406010409,2024-01-13,1600.0,Cloudy,,2021103559.0,Omega Wink,6,11,474(+10),4,1:33.7,6.9,55,3F,R.Piechulek,NAKAYAMA,TURF,Gd,https://db.netkeiba.com/race/202406010409/
202406010409,2024-01-13,1600.0,Cloudy,,2021106308.0,Kaito Gut,7,10,462(-4),7,1:33.7,38.2,55,3F,D.Shibata,NAKAYAMA,TURF,Gd,https://db.netkeiba.com/race/202406010409/
202406010409,2024-01-13,1600.0,Cloudy,,2021101289.0,Dino Sunrise,8,1,450(+2),10,1:34.0,82.3,55,3F,R.King,NAKAYAMA,TURF,Gd,https://db.netkeiba.com/race/202406010409/
202406010409,2024-01-13,1600.0,Cloudy,,2021100189.0,Nishino Koigokoro,9,9,424(0),8,1:34.2,59.6,55,3F,Y.Nonaka,NAKAYAMA,TURF,Gd,https://db.netkeiba.com/race/202406010409/
202406010409,2024-01-13,1600.0,Cloudy,,,Horse,FP,PP,Horse Wgt.(kg),Fav,FT,Odds,Wgt.(kg),A&S,Jockey,NAKAYAMA,TURF,Gd,https://db.netkeiba.com/race/202406010409/
202410010309,2024-01-20,1200.0,Rain,,2021100899.0,Big Dream,1,1,522(0),1,1:09.9,1.8,57,3C,H.Yoshida,NAKAYAMA,TURF,Yld,https://db.netkeiba.com/race/202410010309/
202410010309,2024-01-20,1200.0,Rain,,2021103312.0,Lord My Life,2,3,486(0),3,1:10.0,4.1,57,3C,A.Nishimura,NAKAYAMA,TURF,Yld,https://db.netkeiba.com/race/202410010309/
202410010309,2024-01-20,1200.0,Rain,,2021104404.0,Chou Cream,3,2,430(+12),2,1:10.0,3.1,55,3F,H.Miyuki,NAKAYAMA,TURF,Yld,https://db.netkeiba.com/race/202410010309/
202410010309,2024-01-20,1200.0,Rain,,2021109123.0,Yume Kanauken,4,5,410(-2),6,1:10.5,44.1,55,3F,G.Maruyama,NAKAYAMA,TURF,Yld,https://db.netkeiba.com/race/202410010309/
202410010309,2024-01-20,1200.0,Rain,,2021101386.0,Call Me Maybe,5,7,428(-5),7,1:11.4,178.0,55,3F,M.Okabe,NAKAYAMA,TURF,Yld,https://db.netkeiba.com/race/202410010309/
202410010309,2024-01-20,1200.0,Rain,,2021104140.0,Grace Rouge,6,6,406(-14),4,1:11.4,13.8,55,3F,D.Sasaki,NAKAYAMA,TURF,Yld,https://db.netkeiba.com/race/202410010309/
202410010309,2024-01-20,1200.0,Rain,,2021102562.0,Pulp Fiction,7,4,438(0),5,1:11.5,17.0,55,3F,Y.Kitamura,NAKAYAMA,TURF,Yld,https://db.netkeiba.com/race/202410010309/
202410010309,2024-01-20,1200.0,Rain,,,Horse,FP,PP,Horse Wgt.(kg),Fav,FT,Odds,Wgt.(kg),A&S,Jockey,NAKAYAMA,TURF,Yld,https://db.netkeiba.com/race/202410010309/
202408020108,2024-01-27,1600.0,Sunny,,2021101106.0,Smart Spear,1,7,512(+2),3,1:34.3,3.6,57,3C,K.Ogino,TOKYO,TURF,Gd,https://db.netkeiba.com/race/202408020108/
202408020108,2024-01-27,1600.0,Sunny,,2021105160.0,Caelum,2,3,470(+4),1,1:34.5,2.8,57,3C,Y.Take,TOKYO,TURF,Gd,https://db.netkeiba.com/race/202408020108/
202408020108,2024-01-27,1600.0,Sunny,,2021106594.0,Yamanin Astron,3,6,490(+12),4,1:34.7,4.5,57,3C,T.Tsunoda,TOKYO,TURF,Gd,https://db.netkeiba.com/race/202408020108/
202408020108,2024-01-27,1600.0,Sunny,,2021100350.0,Arranger,4,5,466(-6),2,1:35.2,3.4,57,3C,N.Yokoyama,TOKYO,TURF,Gd,https://db.netkeiba.com/race/202408020108/
202408020108,2024-01-27,1600.0,Sunny,,2021105868.0,Barquentine,5,1,476(+4),6,1:35.7,18.2,57,3C,S.Akiyama,TOKYO,TURF,Gd,https://db.netkeiba.com/race/202408020108/
202408020108,2024-01-27,1600.0,Sunny,,2021104074.0,Love Diva,6,4,446(+2),5,1:36.0,14.9,55,3F,K.Matsuyama,TOKYO,TURF,Gd,https://db.netkeiba.com/race/202408020108/
202408020108,2024-01-27,1600.0,Sunny,,,Horse,FP,PP,Horse Wgt.(kg),Fav,FT,Odds,Wgt.(kg),A&S,Jockey,TOKYO,TURF,Gd,https://db.netkeiba.com/race/202408020108/
202408020108,2024-01-27,1600.0,Sunny,,2021104840.0,Fleuraison,NR,2,436(-6),,,---,55,3F,A.Lemaitre,TOKYO,TURF,Gd,https://db.netkeiba.com/race/202408020108/
202405010309,2024-02-03,1400.0,Sunny,,2021103559.0,Omega Wink,1,7,470(-4),2,1:21.1,3.7,55,3F,T.Yokoyama,TOKYO,TURF,Gd,https://db.netkeiba.com/race/202405010309/
202405010309,2024-02-03,1400.0,Sunny,,2021100139.0,Cranford,2,4,456(0),1,1:21.3,2.0,55,3F,A.Nishimura,TOKYO,TURF,Gd,https://db.netkeiba.com/race/202405010309/
202405010309,2024-02-03,1400.0,Sunny,,2021105078.0,Atrium Chapel,3,2,416(-2),3,1:21.5,4.0,55,3F,K.Tosaki,TOKYO,TURF,Gd,https://db.netkeiba.com/race/202405010309/
202405010309,2024-02-03,1400.0,Sunny,,2021106615.0,Can See Angel,3,3,454(-2),6,1:21.5,30.3,55,3F,A.Sugawara,TOKYO,TURF,Gd,https://db.netkeiba.com/race/202405010309/
202405010309,2024-02-03,1400.0,Sunny,,2021105974.0,Barone,5,1,476(+8),4,1:21.5,9.0,55,3F,C.Lemaire,TOKYO,TURF,Gd,https://db.netkeiba.com/race/202405010309/
202405010309,2024-02-03,1400.0,Sunny,,2021105358.0,Asti Spumante,6,5,414(-4),5,1:21.6,11.8,55,3F,R.King,TOKYO,TURF,Gd,https://db.netkeiba.com/race/202405010309/
202405010309,2024-02-03,1400.0,Sunny,,2021100610.0,Asagiri,7,8,446(-8),8,1:22.4,68.0,55,3F,K.Miura,TOKYO,TURF,Gd,https://db.netkeiba.com/race/202405010309/
202405010309,2024-02-03,1400.0,Sunny,,2021101289.0,Dino Sunrise,8,6,448(-2),7,1:22.5,53.2,55,3F,R.Piechulek,TOKYO,TURF,Gd,https://db.netkeiba.com/race/202405010309/
202405010309,2024-02-03,1400.0,Sunny,,,Horse,FP,PP,Horse Wgt.(kg),Fav,FT,Odds,Wgt.(kg),A&S,Jockey,TOKYO,TURF,Gd,https://db.netkeiba.com/race/202405010309/
202410010709,2024-02-03,1200.0,LightRain,,2021102320.0,Pair Pollux,1,10,474(-6),1,1:08.7,2.2,57,3C,F.Matsuwaka,TOKYO,TURF,Gd,https://db.netkeiba.com/race/202410010709/
202410010709,2024-02-03,1200.0,LightRain,,2021109114.0,Aitaka,10,7,402(-12),10,1:10.1,50.8,55,3F,N.Fujita,TOKYO,TURF,Gd,https://db.netkeiba.com/race/202410010709/
202410010709,2024-02-03,1200.0,LightRain,,2021105312.0,Rouge Rebecca,11,3,442(-6),8,1:10.3,42.3,55,3F,Y.Furukawa,TOKYO,TURF,Gd,https://db.netkeiba.com/race/202410010709/
202410010709,2024-02-03,1200.0,LightRain,,2021104404.0,Chou Cream,12,9,426(-4),4,1:10.3,7.6,55,3F,H.Yoshida,TOKYO,TURF,Gd,https://db.netkeiba.com/race/202410010709/
202410010709,2024-02-03,1200.0,LightRain,,2021100144.0,Lord Tresor,2,11,516(+2),2,1:09.0,4.0,57,3C,Y.Tannai,TOKYO,TURF,Gd,https://db.netkeiba.com/race/202410010709/
202410010709,2024-02-03,1200.0,LightRain,,2021105068.0,Kurino Hallelujah,3,2,466(0),3,1:09.5,7.4,55,3F,A.Tomita,TOKYO,TURF,Gd,https://db.netkeiba.com/race/202410010709/
202410010709,2024-02-03,1200.0,LightRain,,2021102433.0,Art Form,4,6,440(+12),7,1:09.6,27.1,55,3F,A.Saito,TOKYO,TURF,Gd,https://db.netkeiba.com/race/202410010709/
202410010709,2024-02-03,1200.0,LightRain,,2021102562.0,Pulp Fiction,5,1,430(-8),12,1:09.7,73.5,55,3F,S.Akiyama,TOKYO,TURF,Gd,https://db.netkeiba.com/race/202410010709/
202410010709,2024-02-03,1200.0,LightRain,,2021105175.0,St Kilda,6,5,466(-2),9,1:09.7,44.8,57,3C,Y.Kitamura,TOKYO,TURF,Gd,https://db.netkeiba.com/race/202410010709/
202410010709,2024-02-03,1200.0,LightRain,,2021104481.0,Beer for Now,7,8,438(-4),5,1:09.9,9.0,55,3F,R.Kobayashi,TOKYO,TURF,Gd,https://db.netkeiba.com/race/202410010709/
202410010709,2024-02-03,1200.0,LightRain,,2021106648.0,Bene Merenti,8,4,432(-2),6,1:10.0,18.9,55,3F,D.Sasaki,TOKYO,TURF,Gd,https://db.netkeiba.com/race/202410010709/
202410010709,2024-02-03,1200.0,LightRain,,2021106854.0,Happier Than Ever,9,12,434(-4),11,1:10.1,73.0,57,3C,K.Fujioka,TOKYO,TURF,Gd,https://db.netkeiba.com/race/202410010709/
202410010709,2024-02-03,1200.0,LightRain,,,Horse,FP,PP,Horse Wgt.(kg),Fav,FT,Odds,Wgt.(kg),A&S,Jockey,TOKYO,TURF,Gd,https://db.netkeiba.com/race/202410010709/
202405010507,2024-02-10,1400.0,Sunny,,2021110160.0,Sonshi,1,4,486(+8),1,1:20.9,1.7,57,3C,Y.Kawada,TOKYO,TURF,Gd,https://db.netkeiba.com/race/202405010507/
202405010507,2024-02-10,1400.0,Sunny,,2021102388.0,Kaiko,10,13,448(-4),10,1:22.5,101.6,57,3G,A.Sugawara,TOKYO,TURF,Gd,https://db.netkeiba.com/race/202405010507/
202405010507,2024-02-10,1400.0,Sunny,,2021103695.0,Because We Can,11,3,422(+2),13,1:22.5,516.3,57,3C,K.Kato,TOKYO,TURF,Gd,https://db.netkeiba.com/race/202405010507/
202405010507,2024-02-10,1400.0,Sunny,,2021101189.0,Pink Venom,12,1,482(+8),11,1:22.6,110.6,55,3F,T.Kowata,TOKYO,TURF,Gd,https://db.netkeiba.com/race/202405010507/
202405010507,2024-02-10,1400.0,Sunny,,2021100247.0,Tiger Dragon,13,8,448(+16),6,1:22.7,39.2,56,3C,T.Nagano,TOKYO,TURF,Gd,https://db.netkeiba.com/race/202405010507/
202405010507,2024-02-10,1400.0,Sunny,,2021104908.0,Nicholaus,2,9,448(+14),2,1:21.4,4.9,57,3C,T.Yokoyama,TOKYO,TURF,Gd,https://db.netkeiba.com/race/202405010507/
202405010507,2024-02-10,1400.0,Sunny,,2021105609.0,Spark Richard,3,12,482(+12),4,1:21.5,9.1,57,3C,H.Tanabe,TOKYO,TURF,Gd,https://db.netkeiba.com/race/202405010507/
202405010507,2024-02-10,1400.0,Sunny,,2021103535.0,Shines on You,4,7,448(-4),5,1:21.8,20.0,57,3C,K.Matsuyama,TOKYO,TURF,Gd,https://db.netkeiba.com/race/202405010507/
202405010507,2024-02-10,1400.0,Sunny,,2021101023.0,Eifer Battle,5,11,444(0),8,1:22.0,43.5,55,3C,N.Fujita,TOKYO,TURF,Gd,https://db.netkeiba.com/race/202405010507/
202405010507,2024-02-10,1400.0,Sunny,,2021105668.0,Buster Call,6,6,496(+8),3,1:22.0,5.2,57,3C,C.Lemaire,TOKYO,TURF,Gd,https://db.netkeiba.com/race/202405010507/
202405010507,2024-02-10,1400.0,Sunny,,2021100610.0,Asagiri,7,5,448(+2),12,1:22.1,194.2,52,3F,S.Kobayashi,TOKYO,TURF,Gd,https://db.netkeiba.com/race/202405010507/
202405010507,2024-02-10,1400.0,Sunny,,2021102280.0,David Tesoro,8,2,470(0),9,1:22.3,53.4,56,3C,Y.Hara,TOKYO,TURF,Gd,https://db.netkeiba.com/race/202405010507/
202405010507,2024-02-10,1400.0,Sunny,,2021106939.0,Taisei Festa,9,10,492(+8),7,1:22.4,39.7,57,3C,K.Yokoyama,TOKYO,TURF,Gd,https://db.netkeiba.com/race/202405010507/
202405010507,2024-02-10,1400.0,Sunny,,,Horse,FP,PP,Horse Wgt.(kg),Fav,FT,Odds,Wgt.(kg),A&S,Jockey,TOKYO,TURF,Gd,https://db.netkeiba.com/race/202405010507/
202408020509,2024-02-10,1600.0,Cloudy,,2021110031.0,Off Trail,1,5,440(+4),4,1:34.9,7.0,57,3C,A.Lemaitre,TOKYO,TURF,Gd,https://db.netkeiba.com/race/202408020509/
202408020509,2024-02-10,1600.0,Cloudy,,2021105202.0,Poetry,2,8,458(+4),5,1:34.9,8.2,55,3F,R.Sakai,TOKYO,TURF,Gd,https://db.netkeiba.com/race/202408020509/
202408020509,2024-02-10,1600.0,Cloudy,,2021107098.0,Lavanda,3,7,480(+2),3,1:35.1,5.3,55,3F,M.Iwata,TOKYO,TURF,Gd,https://db.netkeiba.com/race/202408020509/
202408020509,2024-02-10,1600.0,Cloudy,,2021106548.0,Tagano Dude,4,1,484(+4),2,1:35.1,3.3,57,3C,Y.Furukawa,TOKYO,TURF,Gd,https://db.netkeiba.com/race/202408020509/
202408020509,2024-02-10,1600.0,Cloudy,,2021104911.0,Lumikki,5,3,452(-12),7,1:35.4,17.1,55,3F,M.Demuro,TOKYO,TURF,Gd,https://db.netkeiba.com/race/202408020509/
202408020509,2024-02-10,1600.0,Cloudy,,2021105160.0,Caelum,6,9,476(+6),1,1:35.8,3.1,57,3C,Y.Take,TOKYO,TURF,Gd,https://db.netkeiba.com/race/202408020509/
202408020509,2024-02-10,1600.0,Cloudy,,2021102510.0,Namura Hooker,7,6,472(+4),6,1:36.3,8.7,57,3C,F.Matsuwaka,TOKYO,TURF,Gd,https://db.netkeiba.com/race/202408020509/
202408020509,2024-02-10,1600.0,Cloudy,,2021102561.0,Key Wave,8,2,416(0),8,1:36.8,54.7,57,3C,R.Wada,TOKYO,TURF,Gd,https://db.netkeiba.com/race/202408020509/
202408020509,2024-02-10,1600.0,Cloudy,,2021101386.0,Call Me Maybe,9,4,438(+10),9,1:38.6,350.9,55,3F,M.Okabe,TOKYO,TURF,Gd,https://db.netkeiba.com/race/202408020509/
202408020509,2024-02-10,1600.0,Cloudy,,,Horse,FP,PP,Horse Wgt.(kg),Fav,FT,Odds,Wgt.(kg),A&S,Jockey,TOKYO,TURF,Gd,https://db.netkeiba.com/race/202408020509/
202408020706,2024-02-17,1400.0,Sunny,,2021102888.0,Namura Atom,1,8,490(-6),2,1:21.6,2.9,57,3C,S.Hamanaka,TOKYO,TURF,Gd,https://db.netkeiba.com/race/202408020706/
202408020706,2024-02-17,1400.0,Sunny,,2021100356.0,Cool Baby,10,3,464(-6),8,1:23.0,39.7,54,3F,K.Taguchi,TOKYO,TURF,Gd,https://db.netkeiba.com/race/202408020706/
202408020706,2024-02-17,1400.0,Sunny,,2021106594.0,Yamanin Astron,2,1,478(-12),1,1:21.7,2.9,56,3C,T.Tsunoda,TOKYO,TURF,Gd,https://db.netkeiba.com/race/202408020706/
202408020706,2024-02-17,1400.0,Sunny,,2021106815.0,Meiner Tigre,3,9,476(0),7,1:21.7,17.9,57,3C,A.Tsumura,TOKYO,TURF,Gd,https://db.netkeiba.com/race/202408020706/
202408020706,2024-02-17,1400.0,Sunny,,2021104941.0,Cecilie Plage,4,6,406(-8),4,1:21.7,7.4,55,3F,K.Sameshima,TOKYO,TURF,Gd,https://db.netkeiba.com/race/202408020706/
202408020706,2024-02-17,1400.0,Sunny,,2021101598.0,Uncle Cross,5,7,462(-4),3,1:21.8,5.4,57,3C,Y.Nagaoka,TOKYO,TURF,Gd,https://db.netkeiba.com/race/202408020706/
202408020706,2024-02-17,1400.0,Sunny,,2021101102.0,Namura Eden,6,4,414(0),5,1:22.1,13.4,55,3F,T.Danno,TOKYO,TURF,Gd,https://db.netkeiba.com/race/202408020706/
202408020706,2024-02-17,1400.0,Sunny,,2021101223.0,Queen's Hat,7,5,462(0),10,1:22.1,67.8,55,3F,A.Nishimura,TOKYO,TURF,Gd,https://db.netkeiba.com/race/202408020706/
202408020706,2024-02-17,1400.0,Sunny,,2021107063.0,Itsumo Nikoniko,8,2,488(+6),6,1:22.2,14.7,55,3F,M.Demuro,TOKYO,TURF,Gd,https://db.netkeiba.com/race/202408020706/
202408020706,2024-02-17,1400.0,Sunny,,2021104832.0,More Rigid,9,11,478(+2),9,1:22.4,58.9,57,3C,A.Lemaitre,TOKYO,TURF,Gd,https://db.netkeiba.com/race/202408020706/
202408020706,2024-02-17,1400.0,Sunny,,,Horse,FP,PP,Horse Wgt.(kg),Fav,FT,Odds,Wgt.(kg),A&S,Jockey,TOKYO,TURF,Gd,https://db.netkeiba.com/race/202408020706/
202408020706,2024-02-17,1400.0,Sunny,,2021103075.0,Meisho Yamamomo,NR,10,,,,---,55,3F,Y.Take,TOKYO,TURF,Gd,https://db.netkeiba.com/race/202408020706/
202405010805,2024-02-18,1600.0,Sunny,,2021106069.0,Pod Theo,1,10,470(+2),3,1:35.7,4.0,57,3C,R.King,TOKYO,TURF,Gd,https://db.netkeiba.com/race/202405010805/
202405010805,2024-02-18,1600.0,Sunny,,2021104326.0,Yukino Royal,10,9,444(0),7,1:36.5,28.3,57,3C,S.Ishibashi,TOKYO,TURF,Gd,https://db.netkeiba.com/race/202405010805/
202405010805,2024-02-18,1600.0,Sunny,,2021103326.0,Mysig,11,1,466(-6),12,1:37.2,279.8,55,3F,H.Uchida,TOKYO,TURF,Gd,https://db.netkeiba.com/race/202405010805/
202405010805,2024-02-18,1600.0,Sunny,,2021104724.0,Tosen Kleine,12,6,448(-2),11,1:37.5,163.4,55,3F,K.Yokoyama,TOKYO,TURF,Gd,https://db.netkeiba.com/race/202405010805/
202405010805,2024-02-18,1600.0,Sunny,,2021105871.0,Sonic Line,2,7,504(+8),2,1:35.8,3.6,57,3C,C.Lemaire,TOKYO,TURF,Gd,https://db.netkeiba.com/race/202405010805/
202405010805,2024-02-18,1600.0,Sunny,,2021103303.0,Dreaming Up,3,4,460(+6),10,1:36.0,49.2,57,3C,Y.Yoshida,TOKYO,TURF,Gd,https://db.netkeiba.com/race/202405010805/
202405010805,2024-02-18,1600.0,Sunny,,2021106369.0,Channel Tunnel,4,5,480(-4),1,1:36.0,3.2,57,3C,M.Matsuoka,TOKYO,TURF,Gd,https://db.netkeiba.com/race/202405010805/
202405010805,2024-02-18,1600.0,Sunny,,2021105578.0,Shonan Rapidus,5,3,484(-2),4,1:36.1,5.9,57,3C,K.Tosaki,TOKYO,TURF,Gd,https://db.netkeiba.com/race/202405010805/
202405010805,2024-02-18,1600.0,Sunny,,2021102106.0,Tsurumau Katachi,6,11,472(-12),6,1:36.2,22.6,57,3C,Y.Ishikawa,TOKYO,TURF,Gd,https://db.netkeiba.com/race/202405010805/
202405010805,2024-02-18,1600.0,Sunny,,2021106102.0,Ecoro Raijin,7,8,456(-8),5,1:36.2,10.5,57,3C,A.Sugawara,TOKYO,TURF,Gd,https://db.netkeiba.com/race/202405010805/
202405010805,2024-02-18,1600.0,Sunny,,2021104554.0,Limerick,8,12,464(-6),8,1:36.4,33.5,57,3C,B.Murzabayev,TOKYO,TURF,Gd,https://db.netkeiba.com/race/202405010805/
202405010805,2024-02-18,1600.0,Sunny,,2021100152.0,Best of You,9,2,426(+16),9,1:36.4,45.9,57,3C,H.Tanabe,TOKYO,TURF,Gd,https://db.netkeiba.com/race/202405010805/
202405010805,2024-02-18,1600.0,Sunny,,,Horse,FP,PP,Horse Wgt.(kg),Fav,FT,Odds,Wgt.(kg),A&S,Jockey,TOKYO,TURF,Gd,https://db.netkeiba.com/race/202405010805/
202406020107,2024-02-24,1600.0,Sunny,,2021102280.0,David Tesoro,1,1,466(-4),5,1:35.1,8.8,56,3C,Y.Hara,NAKAYAMA,TURF,Yld,https://db.netkeiba.com/race/202406020107/
202406020107,2024-02-24,1600.0,Sunny,,2021101288.0,Caramel Milk,10,4,400(-4),9,1:37.3,247.2,55,3F,R.Sugahara,NAKAYAMA,TURF,Yld,https://db.netkeiba.com/race/202406020107/
202406020107,2024-02-24,1600.0,Sunny,,2021100105.0,That's,11,7,528(-2),11,1:37.7,386.4,57,3C,J.Iwabe,NAKAYAMA,TURF,Yld,https://db.netkeiba.com/race/202406020107/
202406020107,2024-02-24,1600.0,Sunny,,2021105467.0,For the Boys,2,11,426(0),1,1:35.2,1.8,55,3F,K.Miura,NAKAYAMA,TURF,Yld,https://db.netkeiba.com/race/202406020107/
202406020107,2024-02-24,1600.0,Sunny,,2021101595.0,Viva Crown,3,10,468(-4),2,1:35.3,4.7,57,3C,T.Ono,NAKAYAMA,TURF,Yld,https://db.netkeiba.com/race/202406020107/
202406020107,2024-02-24,1600.0,Sunny,,2021101023.0,Eifer Battle,4,5,444(0),3,1:35.6,6.5,55,3C,N.Fujita,NAKAYAMA,TURF,Yld,https://db.netkeiba.com/race/202406020107/
202406020107,2024-02-24,1600.0,Sunny,,2021104416.0,Wide Blizzard,5,8,446(0),4,1:35.7,7.2,57,3C,R.King,NAKAYAMA,TURF,Yld,https://db.netkeiba.com/race/202406020107/
202406020107,2024-02-24,1600.0,Sunny,,2021106366.0,Roanoke Tesoro,6,2,466(+10),6,1:35.8,15.0,55,3F,T.Kowata,NAKAYAMA,TURF,Yld,https://db.netkeiba.com/race/202406020107/
202406020107,2024-02-24,1600.0,Sunny,,2021105006.0,Kaimana Eleele,7,3,394(-4),10,1:36.1,254.7,55,3F,M.Muto,NAKAYAMA,TURF,Yld,https://db.netkeiba.com/race/202406020107/
202406020107,2024-02-24,1600.0,Sunny,,2021105368.0,Jun Powerful,8,6,452(-2),7,1:36.5,67.6,52,3F,S.Kobayashi,NAKAYAMA,TURF,Yld,https://db.netkeiba.com/race/202406020107/
202406020107,2024-02-24,1600.0,Sunny,,2021106405.0,Cheval Aile,9,9,520(-8),8,1:36.6,207.7,57,3C,Y.Yoshida,NAKAYAMA,TURF,Yld,https://db.netkeiba.com/race/202406020107/
202406020107,2024-02-24,1600.0,Sunny,,,Horse,FP,PP,Horse Wgt.(kg),Fav,FT,Odds,Wgt.(kg),A&S,Jockey,NAKAYAMA,TURF,Yld,https://db.netkeiba.com/race/202406020107/
202406020306,2024-03-02,1600.0,Cloudy,,2021105609.0,Spark Richard,1,5,484(+2),2,1:35.1,3.2,57,3C,M.Demuro,NAKAYAMA,TURF,Yld,https://db.netkeiba.com/race/202406020306/
202406020306,2024-03-02,1600.0,Cloudy,,2021105397.0,Aphelion,10,6,480(+4),4,1:37.0,5.9,57,3C,K.Tosaki,NAKAYAMA,TURF,Yld,https://db.netkeiba.com/race/202406020306/
202406020306,2024-03-02,1600.0,Cloudy,,2021105937.0,Precious Shill,11,3,420(+2),12,1:37.6,712.5,55,3F,Y.Nonaka,NAKAYAMA,TURF,Yld,https://db.netkeiba.com/race/202406020306/
202406020306,2024-03-02,1600.0,Cloudy,,2021102560.0,Scherzo,12,12,450(-10),11,1:39.2,692.6,52,3F,S.Kobayashi,NAKAYAMA,TURF,Yld,https://db.netkeiba.com/race/202406020306/
202406020306,2024-03-02,1600.0,Cloudy,,2021100152.0,Best of You,2,7,424(-2),6,1:35.2,27.1,57,3C,R.Sakai,NAKAYAMA,TURF,Yld,https://db.netkeiba.com/race/202406020306/
202406020306,2024-03-02,1600.0,Cloudy,,2021101651.0,Clean Air,3,4,472(+2),3,1:35.5,4.5,57,3C,T.Ono,NAKAYAMA,TURF,Yld,https://db.netkeiba.com/race/202406020306/
202406020306,2024-03-02,1600.0,Cloudy,,2021104908.0,Nicholaus,4,9,438(-10),1,1:35.7,3.0,57,3C,T.Yokoyama,NAKAYAMA,TURF,Yld,https://db.netkeiba.com/race/202406020306/
202406020306,2024-03-02,1600.0,Cloudy,,2021107085.0,Win Acteur,5,2,430(0),7,1:35.9,29.3,57,3C,M.Matsuoka,NAKAYAMA,TURF,Yld,https://db.netkeiba.com/race/202406020306/
202406020306,2024-03-02,1600.0,Cloudy,,2021100247.0,Tiger Dragon,6,1,448(0),8,1:36.1,43.1,53,3C,H.Oehara,NAKAYAMA,TURF,Yld,https://db.netkeiba.com/race/202406020306/
202406020306,2024-03-02,1600.0,Cloudy,,2021101015.0,Supervisor,7,10,458(-2),5,1:36.2,10.1,57,3C,Y.Yoshida,NAKAYAMA,TURF,Yld,https://db.netkeiba.com/race/202406020306/
202406020306,2024-03-02,1600.0,Cloudy,,2021106366.0,Roanoke Tesoro,8,8,462(-4),10,1:36.4,155.6,55,3F,T.Kowata,NAKAYAMA,TURF,Yld,https://db.netkeiba.com/race/202406020306/
202406020306,2024-03-02,1600.0,Cloudy,,2021103325.0,Karenna Otome,9,11,422(-2),9,1:36.4,46.1,54,3F,T.Nagano,NAKAYAMA,TURF,Yld,https://db.netkeiba.com/race/202406020306/
202406020306,2024-03-02,1600.0,Cloudy,,,Horse,FP,PP,Horse Wgt.(kg),Fav,FT,Odds,Wgt.(kg),A&S,Jockey,NAKAYAMA,TURF,Yld,https://db.netkeiba.com/race/202406020306/
202410020709,2024-03-02,1200.0,Sunny,,2021101598.0,Uncle Cross,1,6,462(0),1,1:09.8,3.0,57,3C,Y.Nagaoka,NAKAYAMA,TURF,Yld,https://db.netkeiba.com/race/202410020709/
202410020709,2024-03-02,1200.0,Sunny,,2021100248.0,Seiun Deseo,10,12,470(-4),3,1:11.0,5.0,55,3F,H.Miyuki,NAKAYAMA,TURF,Yld,https://db.netkeiba.com/race/202410020709/
202410020709,2024-03-02,1200.0,Sunny,,2021100429.0,T M Bonita,11,8,456(+4),12,1:11.0,505.6,55,3F,R.Kobayashi,NAKAYAMA,TURF,Yld,https://db.netkeiba.com/race/202410020709/
202410020709,2024-03-02,1200.0,Sunny,,2021101386.0,Call Me Maybe,12,5,428(-10),11,1:11.1,315.4,55,3F,M.Okabe,NAKAYAMA,TURF,Yld,https://db.netkeiba.com/race/202410020709/
202410020709,2024-03-02,1200.0,Sunny,,2021100015.0,Kiran,13,2,376(-8),13,1:11.1,536.1,55,3F,H.Mayuzumi,NAKAYAMA,TURF,Yld,https://db.netkeiba.com/race/202410020709/
202410020709,2024-03-02,1200.0,Sunny,,2021100356.0,Cool Baby,2,3,464(0),8,1:10.0,28.2,55,3F,K.Ogino,NAKAYAMA,TURF,Yld,https://db.netkeiba.com/race/202410020709/
202410020709,2024-03-02,1200.0,Sunny,,2021110002.0,World Series,3,9,454(+2),2,1:10.2,4.2,57,3C,K.Fujioka,NAKAYAMA,TURF,Yld,https://db.netkeiba.com/race/202410020709/
202410020709,2024-03-02,1200.0,Sunny,,2021106648.0,Bene Merenti,4,4,438(+6),7,1:10.2,24.5,55,3F,A.Tomita,NAKAYAMA,TURF,Yld,https://db.netkeiba.com/race/202410020709/
202410020709,2024-03-02,1200.0,Sunny,,2021105175.0,St Kilda,5,11,466(0),10,1:10.2,36.4,57,3C,M.Nagashima,NAKAYAMA,TURF,Yld,https://db.netkeiba.com/race/202410020709/
202410020709,2024-03-02,1200.0,Sunny,,2021102054.0,Lux Paradis,6,7,406(+4),9,1:10.2,28.2,55,3F,Y.Tannai,NAKAYAMA,TURF,Yld,https://db.netkeiba.com/race/202410020709/
202410020709,2024-03-02,1200.0,Sunny,,2021104672.0,Last Christmas,7,13,458(+6),6,1:10.4,23.2,55,3F,Y.Hishida,NAKAYAMA,TURF,Yld,https://db.netkeiba.com/race/202410020709/
202410020709,2024-03-02,1200.0,Sunny,,2021103493.0,Iris Azul,8,1,448(-2),5,1:10.5,8.4,55,3F,Y.Tsunoda,NAKAYAMA,TURF,Yld,https://db.netkeiba.com/race/202410020709/
202410020709,2024-03-02,1200.0,Sunny,,2021102295.0,Chuwa Career,9,10,504(+4),4,1:10.8,5.6,55,3F,M.Katsuura,NAKAYAMA,TURF,Yld,https://db.netkeiba.com/race/202410020709/
202410020709,2024-03-02,1200.0,Sunny,,,Horse,FP,PP,Horse Wgt.(kg),Fav,FT,Odds,Wgt.(kg),A&S,Jockey,NAKAYAMA,TURF,Yld,https://db.netkeiba.com/race/202410020709/
202406020607,2024-03-10,1200.0,Sunny,,2021106440.0,Arararara,1,2,448(+8),1,1:08.8,1.8,57,3C,Y.Tannai,NAKAYAMA,TURF,Yld,https://db.netkeiba.com/race/202406020607/
202406020607,2024-03-10,1200.0,Sunny,,2021101394.0,Mon Reve,10,11,472(+4),10,1:10.7,67.9,55,3F,T.Ono,NAKAYAMA,TURF,Yld,https://db.netkeiba.com/race/202406020607/
202406020607,2024-03-10,1200.0,Sunny,,2021101279.0,Shine Venus,11,10,432(-4),9,1:11.1,59.2,55,3F,K.Yokoyama,NAKAYAMA,TURF,Yld,https://db.netkeiba.com/race/202406020607/
202406020607,2024-03-10,1200.0,Sunny,,2021103667.0,Quores,2,3,474(+6),5,1:09.2,10.6,55,3F,T.Kowata,NAKAYAMA,TURF,Yld,https://db.netkeiba.com/race/202406020607/
202406020607,2024-03-10,1200.0,Sunny,,2021106666.0,Reigning Cat,3,1,488(+8),6,1:09.5,16.4,56,3C,T.Nagano,NAKAYAMA,TURF,Yld,https://db.netkeiba.com/race/202406020607/
202406020607,2024-03-10,1200.0,Sunny,,2021100610.0,Asagiri,4,4,444(-4),8,1:09.5,42.1,52,3F,S.Kobayashi,NAKAYAMA,TURF,Yld,https://db.netkeiba.com/race/202406020607/
202406020607,2024-03-10,1200.0,Sunny,,2021104665.0,Raisins Noirs,5,6,460(-14),3,1:09.6,7.9,57,3C,H.Uchida,NAKAYAMA,TURF,Yld,https://db.netkeiba.com/race/202406020607/
202406020607,2024-03-10,1200.0,Sunny,,2021106939.0,Taisei Festa,6,8,486(-6),4,1:09.7,8.7,57,3C,S.Ishibashi,NAKAYAMA,TURF,Yld,https://db.netkeiba.com/race/202406020607/
202406020607,2024-03-10,1200.0,Sunny,,2021105057.0,On the Venus,7,5,426(-2),7,1:09.9,17.9,51,3F,H.Oehara,NAKAYAMA,TURF,Yld,https://db.netkeiba.com/race/202406020607/
202406020607,2024-03-10,1200.0,Sunny,,2021110001.0,King's Breath,8,9,494(0),2,1:10.2,4.7,57,3C,H.Kitamura,NAKAYAMA,TURF,Yld,https://db.netkeiba.com/race/202406020607/
202406020607,2024-03-10,1200.0,Sunny,,2021100803.0,Vilcabamba,9,7,488(-10),11,1:10.7,365.3,57,3C,M.Sugihara,NAKAYAMA,TURF,Yld,https://db.netkeiba.com/race/202406020607/
202406020607,2024-03-10,1200.0,Sunny,,,Horse,FP,PP,Horse Wgt.(kg),Fav,FT,Odds,Wgt.(kg),A&S,Jockey,NAKAYAMA,TURF,Yld,https://db.netkeiba.com/race/202406020607/
202409010605,2024-03-10,1600.0,Sunny,,2021102920.0,Di Speranza,1,5,520(+4),3,1:33.4,4.7,57,3C,M.Demuro,NAKAYAMA,TURF,Gd,https://db.netkeiba.com/race/202409010605/
202409010605,2024-03-10,1600.0,Sunny,,2021104832.0,More Rigid,10,11,480(+2),10,1:34.0,208.7,57,3C,R.Wada,NAKAYAMA,TURF,Gd,https://db.netkeiba.com/race/202409010605/
202409010605,2024-03-10,1600.0,Sunny,,2021100703.0,Blue Prima Donna,11,10,462(-6),11,1:35.1,402.0,52,3F,T.Hashiki,NAKAYAMA,TURF,Gd,https://db.netkeiba.com/race/202409010605/
202409010605,2024-03-10,1600.0,Sunny,,2021106815.0,Meiner Tigre,2,8,478(+2),8,1:33.5,26.6,57,3C,T.Yokoyama,NAKAYAMA,TURF,Gd,https://db.netkeiba.com/race/202409010605/
202409010605,2024-03-10,1600.0,Sunny,,2021105746.0,Altoum,3,3,432(-6),2,1:33.5,4.7,57,3C,B.Murzabayev,NAKAYAMA,TURF,Gd,https://db.netkeiba.com/race/202409010605/
202409010605,2024-03-10,1600.0,Sunny,,2021105127.0,Terra Merita,4,6,470(+12),9,1:33.6,61.3,52,3F,M.Nagashima,NAKAYAMA,TURF,Gd,https://db.netkeiba.com/race/202409010605/
202409010605,2024-03-10,1600.0,Sunny,,2021105283.0,Bloomin' Design,5,4,464(+6),6,1:33.6,17.7,57,3C,A.Nishimura,NAKAYAMA,TURF,Gd,https://db.netkeiba.com/race/202409010605/
202409010605,2024-03-10,1600.0,Sunny,,2021105862.0,Fellini,6,9,510(+4),7,1:33.7,20.1,57,3C,K.Matsuyama,NAKAYAMA,TURF,Gd,https://db.netkeiba.com/race/202409010605/
202409010605,2024-03-10,1600.0,Sunny,,2021103282.0,Justin Earth,7,2,480(0),1,1:33.8,2.2,57,3C,K.Sameshima,NAKAYAMA,TURF,Gd,https://db.netkeiba.com/race/202409010605/
202409010605,2024-03-10,1600.0,Sunny,,2021106594.0,Yamanin Astron,8,1,480(+2),5,1:33.9,11.6,56,3C,T.Tsunoda,NAKAYAMA,TURF,Gd,https://db.netkeiba.com/race/202409010605/
202409010605,2024-03-10,1600.0,Sunny,,2021105039.0,Gold Sabel,9,7,470(0),4,1:34.0,7.8,57,3C,Y.Take,NAKAYAMA,TURF,Gd,https://db.netkeiba.com/race/202409010605/
202409010605,2024-03-10,1600.0,Sunny,,,Horse,FP,PP,Horse Wgt.(kg),Fav,FT,Odds,Wgt.(kg),A&S,Jockey,NAKAYAMA,TURF,Gd,https://db.netkeiba.com/race/202409010605/
202406020706,2024-03-16,1600.0,Sunny,,2021104326.0,Yukino Royal,1,1,444(0),6,1:34.8,18.0,57,3C,S.Ishibashi,NAKAYAMA,TURF,Gd,https://db.netkeiba.com/race/202406020706/
202406020706,2024-03-16,1600.0,Sunny,,2021105661.0,Regalo del Cielo,2,7,518(+6),1,1:34.9,2.1,57,3C,C.Lemaire,NAKAYAMA,TURF,Gd,https://db.netkeiba.com/race/202406020706/
202406020706,2024-03-16,1600.0,Sunny,,2021104950.0,Glory Attain,3,8,492(+2),5,1:35.0,14.6,57,3C,H.Tanabe,NAKAYAMA,TURF,Gd,https://db.netkeiba.com/race/202406020706/
202406020706,2024-03-16,1600.0,Sunny,,2021102106.0,Tsurumau Katachi,4,9,476(+4),4,1:35.3,13.2,57,3C,Y.Ishikawa,NAKAYAMA,TURF,Gd,https://db.netkeiba.com/race/202406020706/
202406020706,2024-03-16,1600.0,Sunny,,2021106395.0,Happy Surprise,5,6,448(0),8,1:35.4,182.3,57,3C,T.Ono,NAKAYAMA,TURF,Gd,https://db.netkeiba.com/race/202406020706/
202406020706,2024-03-16,1600.0,Sunny,,2021106298.0,Morino Red Star,6,5,464(-2),2,1:35.4,2.9,55,3F,K.Yokoyama,NAKAYAMA,TURF,Gd,https://db.netkeiba.com/race/202406020706/
202406020706,2024-03-16,1600.0,Sunny,,2021106102.0,Ecoro Raijin,7,4,460(+4),7,1:35.6,18.5,57,3C,A.Sugawara,NAKAYAMA,TURF,Gd,https://db.netkeiba.com/race/202406020706/
202406020706,2024-03-16,1600.0,Sunny,,2021105578.0,Shonan Rapidus,8,3,486(+2),3,1:35.7,5.4,57,3C,K.Tosaki,NAKAYAMA,TURF,Gd,https://db.netkeiba.com/race/202406020706/
202406020706,2024-03-16,1600.0,Sunny,,2021101385.0,Relish,9,2,474(+4),9,1:38.6,558.5,55,3F,K.Maruta,NAKAYAMA,TURF,Gd,https://db.netkeiba.com/race/202406020706/
202406020706,2024-03-16,1600.0,Sunny,,,Horse,FP,PP,Horse Wgt.(kg),Fav,FT,Odds,Wgt.(kg),A&S,Jockey,NAKAYAMA,TURF,Gd,https://db.netkeiba.com/race/202406020706/
202409010706,2024-03-16,1200.0,Sunny,,2021101654.0,Taurus Shine,1,8,472(-4),5,1:08.7,7.3,57,3C,Y.Take,NAKAYAMA,TURF,Gd,https://db.netkeiba.com/race/202409010706/
202409010706,2024-03-16,1200.0,Sunny,,2021106655.0,Lotus Wand,10,4,456(+2),10,1:10.1,121.3,55,3F,M.Sakai,NAKAYAMA,TURF,Gd,https://db.netkeiba.com/race/202409010706/
202409010706,2024-03-16,1200.0,Sunny,,2021103312.0,Lord My Life,2,3,492(+6),2,1:08.9,3.8,57,3C,B.Murzabayev,NAKAYAMA,TURF,Gd,https://db.netkeiba.com/race/202409010706/
202409010706,2024-03-16,1200.0,Sunny,,2021105054.0,Mon Chemin,3,7,464(-8),3,1:08.9,4.2,57,3C,Y.Iwata,NAKAYAMA,TURF,Gd,https://db.netkeiba.com/race/202409010706/
202409010706,2024-03-16,1200.0,Sunny,,2021102461.0,Band Shell,4,2,476(+12),1,1:09.0,2.8,57,3C,K.Sameshima,NAKAYAMA,TURF,Gd,https://db.netkeiba.com/race/202409010706/
202409010706,2024-03-16,1200.0,Sunny,,2021103210.0,Meisho Sachidake,5,9,482(+2),4,1:09.1,6.8,57,3C,R.Wada,NAKAYAMA,TURF,Gd,https://db.netkeiba.com/race/202409010706/
202409010706,2024-03-16,1200.0,Sunny,,2021106648.0,Bene Merenti,6,6,436(-2),8,1:09.4,56.8,55,3F,F.Matsuwaka,NAKAYAMA,TURF,Gd,https://db.netkeiba.com/race/202409010706/
202409010706,2024-03-16,1200.0,Sunny,,2021110023.0,Extra Buck,7,1,486(-2),6,1:09.6,20.2,56,3C,K.Taguchi,NAKAYAMA,TURF,Gd,https://db.netkeiba.com/race/202409010706/
202409010706,2024-03-16,1200.0,Sunny,,2021103493.0,Iris Azul,8,5,446(-2),7,1:09.8,26.0,55,3F,M.Demuro,NAKAYAMA,TURF,Gd,https://db.netkeiba.com/race/202409010706/
202409010706,2024-03-16,1200.0,Sunny,,2021110087.0,Love Comedy,9,10,436(+6),9,1:09.9,79.6,55,3F,M.Iwata,NAKAYAMA,TURF,Gd,https://db.netkeiba.com/race/202409010706/
202409010706,2024-03-16,1200.0,Sunny,,,Horse,FP,PP,Horse Wgt.(kg),Fav,FT,Odds,Wgt.(kg),A&S,Jockey,NAKAYAMA,TURF,Gd,https://db.netkeiba.com/race/202409010706/
202407010409,2024-03-17,1600.0,Cloudy,,2021104153.0,Epoch Venus,1,10,440(+4),1,1:34.7,3.3,55,3F,K.Matsuyama,NAKAYAMA,TURF,Gd,https://db.netkeiba.com/race/202407010409/
202407010409,2024-03-17,1600.0,Cloudy,,2021107369.0,Give It a Go,10,9,452(-6),8,1:36.3,52.0,55,3F,G.Maruyama,NAKAYAMA,TURF,Gd,https://db.netkeiba.com/race/202407010409/
202407010409,2024-03-17,1600.0,Cloudy,,2021103449.0,Moani,2,2,454(-2),6,1:34.7,16.5,55,3F,M.Nagashima,NAKAYAMA,TURF,Gd,https://db.netkeiba.com/race/202407010409/
202407010409,2024-03-17,1600.0,Cloudy,,2021106548.0,Tagano Dude,3,3,482(-2),3,1:34.9,4.5,57,3C,Y.Furukawa,NAKAYAMA,TURF,Gd,https://db.netkeiba.com/race/202407010409/
202407010409,2024-03-17,1600.0,Cloudy,,2021103303.0,Dreaming Up,4,7,458(-2),5,1:34.9,9.1,57,3C,Y.Fujioka,NAKAYAMA,TURF,Gd,https://db.netkeiba.com/race/202407010409/
202407010409,2024-03-17,1600.0,Cloudy,,2021105454.0,Buena Onda,5,5,454(0),2,1:35.1,3.4,57,3C,H.Yoshida,NAKAYAMA,TURF,Gd,https://db.netkeiba.com/race/202407010409/
202407010409,2024-03-17,1600.0,Cloudy,,2021104554.0,Limerick,6,6,456(-8),9,1:35.1,61.4,57,3C,A.Saito,NAKAYAMA,TURF,Gd,https://db.netkeiba.com/race/202407010409/
202407010409,2024-03-17,1600.0,Cloudy,,2021105868.0,Barquentine,7,1,476(0),7,1:35.6,22.6,57,3C,A.Tomita,NAKAYAMA,TURF,Gd,https://db.netkeiba.com/race/202407010409/
202407010409,2024-03-17,1600.0,Cloudy,,2021105540.0,Saronikos,8,4,440(-4),4,1:35.7,5.3,55,3F,K.Sameshima,NAKAYAMA,TURF,Gd,https://db.netkeiba.com/race/202407010409/
202407010409,2024-03-17,1600.0,Cloudy,,2021103125.0,Copano Antonio,9,8,476(0),10,1:35.8,241.7,57,3C,K.Fujioka,NAKAYAMA,TURF,Gd,https://db.netkeiba.com/race/202407010409/
202407010409,2024-03-17,1600.0,Cloudy,,,Horse,FP,PP,Horse Wgt.(kg),Fav,FT,Odds,Wgt.(kg),A&S,Jockey,NAKAYAMA,TURF,Gd,https://db.netkeiba.com/race/202407010409/
202406030105,2024-03-23,1200.0,Cloudy,,2021105485.0,Erika Carina,1,1,424(+2),1,1:08.0,1.5,55,3F,K.Tosaki,NAKAYAMA,TURF,Gd,https://db.netkeiba.com/race/202406030105/
202406030105,2024-03-23,1200.0,Cloudy,,2021100662.0,Benishia,10,8,424(-2),9,1:09.8,64.6,55,3F,K.Sameshima,NAKAYAMA,TURF,Gd,https://db.netkeiba.com/race/202406030105/
202406030105,2024-03-23,1200.0,Cloudy,,2021100350.0,Arranger,2,2,462(-4),3,1:08.3,9.0,57,3C,N.Yokoyama,NAKAYAMA,TURF,Gd,https://db.netkeiba.com/race/202406030105/
202406030105,2024-03-23,1200.0,Cloudy,,2021106666.0,Reigning Cat,3,4,490(+2),8,1:08.3,32.1,56,3C,T.Nagano,NAKAYAMA,TURF,Gd,https://db.netkeiba.com/race/202406030105/
202406030105,2024-03-23,1200.0,Cloudy,,2021103667.0,Quores,4,6,476(+2),2,1:08.4,4.8,55,3F,T.Kowata,NAKAYAMA,TURF,Gd,https://db.netkeiba.com/race/202406030105/
202406030105,2024-03-23,1200.0,Cloudy,,2021100356.0,Cool Baby,5,5,470(+6),4,1:08.5,13.3,54,3F,Y.Hara,NAKAYAMA,TURF,Gd,https://db.netkeiba.com/race/202406030105/
202406030105,2024-03-23,1200.0,Cloudy,,2021100594.0,Amber Needle,6,10,480(+8),6,1:08.7,15.8,57,3C,T.Yokoyama,NAKAYAMA,TURF,Gd,https://db.netkeiba.com/race/202406030105/
202406030105,2024-03-23,1200.0,Cloudy,,2021105668.0,Buster Call,7,3,498(+2),5,1:09.0,14.7,57,3C,A.Tsumura,NAKAYAMA,TURF,Gd,https://db.netkeiba.com/race/202406030105/
202406030105,2024-03-23,1200.0,Cloudy,,2021103941.0,Javanais,8,9,406(-8),10,1:09.5,309.6,52,3F,K.Nagahama,NAKAYAMA,TURF,Gd,https://db.netkeiba.com/race/202406030105/
202406030105,2024-03-23,1200.0,Cloudy,,2021103710.0,Hermes,9,7,480(-4),7,1:09.7,27.1,54,3C,S.Kobayashi,NAKAYAMA,TURF,Gd,https://db.netkeiba.com/race/202406030105/
202406030105,2024-03-23,1200.0,Cloudy,,,Horse,FP,PP,Horse Wgt.(kg),Fav,FT,Odds,Wgt.(kg),A&S,Jockey,NAKAYAMA,TURF,Gd,https://db.netkeiba.com/race/202406030105/
202409020107,2024-03-23,1400.0,Rain,,2021110039.0,Courteous Manner,1,6,440(-2),2,1:23.1,4.1,55,3F,Y.Kawada,NAKAYAMA,TURF,Sft,https://db.netkeiba.com/race/202409020107/
202409020107,2024-03-23,1400.0,Rain,,2021105646.0,Taisei Response,10,4,492(+2),1,1:24.4,2.9,57,3C,C.Lemaire,NAKAYAMA,TURF,Sft,https://db.netkeiba.com/race/202409020107/
202409020107,2024-03-23,1400.0,Rain,,2021102013.0,Salt Queen,2,8,428(-8),3,1:23.2,4.7,55,3F,K.Ikezoe,NAKAYAMA,TURF,Sft,https://db.netkeiba.com/race/202409020107/
202409020107,2024-03-23,1400.0,Rain,,2021102952.0,Obey Your Master,3,3,450(+8),6,1:23.3,11.8,57,3C,Y.Furukawa,NAKAYAMA,TURF,Sft,https://db.netkeiba.com/race/202409020107/
202409020107,2024-03-23,1400.0,Rain,,2021104672.0,Last Christmas,4,10,464(+6),8,1:23.6,21.8,55,3F,R.Sakai,NAKAYAMA,TURF,Sft,https://db.netkeiba.com/race/202409020107/
202409020107,2024-03-23,1400.0,Rain,,2021105608.0,Kazu Gortys,5,5,500(+2),4,1:23.6,7.0,57,3C,B.Murzabayev,NAKAYAMA,TURF,Sft,https://db.netkeiba.com/race/202409020107/
202409020107,2024-03-23,1400.0,Rain,,2021103125.0,Copano Antonio,6,7,478(+2),9,1:23.8,97.6,54,3C,S.Yoshimura,NAKAYAMA,TURF,Sft,https://db.netkeiba.com/race/202409020107/
202409020107,2024-03-23,1400.0,Rain,,2021105812.0,Vip Genie,7,9,486(+14),7,1:24.0,19.7,57,3C,F.Matsuwaka,NAKAYAMA,TURF,Sft,https://db.netkeiba.com/race/202409020107/
202409020107,2024-03-23,1400.0,Rain,,2021105176.0,Kurino Spinel,8,2,446(-2),10,1:24.4,224.0,54,3F,K.Taguchi,NAKAYAMA,TURF,Sft,https://db.netkeiba.com/race/202409020107/
202409020107,2024-03-23,1400.0,Rain,,2021105773.0,Jun Tone Fu,9,1,512(+28),5,1:24.4,7.9,57,3C,M.Iwata,NAKAYAMA,TURF,Sft,https://db.netkeiba.com/race/202409020107/
202409020107,2024-03-23,1400.0,Rain,,,Horse,FP,PP,Horse Wgt.(kg),Fav,FT,Odds,Wgt.(kg),A&S,Jockey,NAKAYAMA,TURF,Sft,https://db.netkeiba.com/race/202409020107/
202406030406,2024-03-31,1600.0,Sunny,,2021103799.0,Keikei,1,4,464(+4),7,1:33.7,16.9,57,3G,T.Ono,NAKAYAMA,TURF,Gd,https://db.netkeiba.com/race/202406030406/
202406030406,2024-03-31,1600.0,Sunny,,2021105905.0,Sesemann,10,5,494(+10),1,1:35.0,2.8,57,3C,Y.Ishikawa,NAKAYAMA,TURF,Gd,https://db.netkeiba.com/race/202406030406/
202406030406,2024-03-31,1600.0,Sunny,,2021102367.0,Laser Beam,11,10,408(-6),11,1:37.7,631.3,57,3C,J.Iwabe,NAKAYAMA,TURF,Gd,https://db.netkeiba.com/race/202406030406/
202406030406,2024-03-31,1600.0,Sunny,,2021102016.0,Ecoro Mars,2,9,492(-6),4,1:33.8,7.1,57,3C,Y.Iwata,NAKAYAMA,TURF,Gd,https://db.netkeiba.com/race/202406030406/
202406030406,2024-03-31,1600.0,Sunny,,2021106308.0,Kaito Gut,3,6,460(-2),3,1:33.9,6.6,55,3F,G.Maruyama,NAKAYAMA,TURF,Gd,https://db.netkeiba.com/race/202406030406/
202406030406,2024-03-31,1600.0,Sunny,,2021101724.0,Gaju Nori,4,7,462(-4),8,1:34.2,26.2,55,3F,Y.Tannai,NAKAYAMA,TURF,Gd,https://db.netkeiba.com/race/202406030406/
202406030406,2024-03-31,1600.0,Sunny,,2021103809.0,Muscle Back,5,8,452(-12),9,1:34.3,122.6,57,3C,Y.Shibata,NAKAYAMA,TURF,Gd,https://db.netkeiba.com/race/202406030406/
202406030406,2024-03-31,1600.0,Sunny,,2021101580.0,Meisho Yozora,6,2,464(+2),2,1:34.3,3.4,55,3F,S.Ishibashi,NAKAYAMA,TURF,Gd,https://db.netkeiba.com/race/202406030406/
202406030406,2024-03-31,1600.0,Sunny,,2021100152.0,Best of You,7,1,424(0),5,1:34.4,8.9,57,3C,H.Tanabe,NAKAYAMA,TURF,Gd,https://db.netkeiba.com/race/202406030406/
202406030406,2024-03-31,1600.0,Sunny,,2021106395.0,Happy Surprise,8,11,442(-6),10,1:34.6,150.5,54,3C,K.Nagahama,NAKAYAMA,TURF,Gd,https://db.netkeiba.com/race/202406030406/
202406030406,2024-03-31,1600.0,Sunny,,2021104137.0,Mieno Bravo,9,3,468(-6),6,1:35.0,10.2,55,3F,K.Maruta,NAKAYAMA,TURF,Gd,https://db.netkeiba.com/race/202406030406/
202406030406,2024-03-31,1600.0,Sunny,,,Horse,FP,PP,Horse Wgt.(kg),Fav,FT,Odds,Wgt.(kg),A&S,Jockey,NAKAYAMA,TURF,Gd,https://db.netkeiba.com/race/202406030406/
202409020405,2024-03-31,1600.0,Cloudy,,2021105127.0,Terra Merita,1,6,466(-4),5,1:34.4,8.7,53,3F,M.Nagashima,NAKAYAMA,TURF,Gd,https://db.netkeiba.com/race/202409020405/
202409020405,2024-03-31,1600.0,Cloudy,,2021105746.0,Altoum,2,7,424(-8),2,1:34.5,3.9,57,3C,Y.Fujioka,NAKAYAMA,TURF,Gd,https://db.netkeiba.com/race/202409020405/
202409020405,2024-03-31,1600.0,Cloudy,,2021106815.0,Meiner Tigre,3,9,474(-4),1,1:34.5,2.5,57,3C,T.Yokoyama,NAKAYAMA,TURF,Gd,https://db.netkeiba.com/race/202409020405/
202409020405,2024-03-31,1600.0,Cloudy,,2021103519.0,Lila Bonito,4,3,458(-12),6,1:34.7,14.8,55,3F,S.Hamanaka,NAKAYAMA,TURF,Gd,https://db.netkeiba.com/race/202409020405/
202409020405,2024-03-31,1600.0,Cloudy,,2021104830.0,Gloria Laus,5,4,492(-6),4,1:34.8,6.4,57,3C,H.Miyuki,NAKAYAMA,TURF,Gd,https://db.netkeiba.com/race/202409020405/
202409020405,2024-03-31,1600.0,Cloudy,,2021105283.0,Bloomin' Design,6,5,464(0),3,1:35.1,4.2,57,3C,A.Nishimura,NAKAYAMA,TURF,Gd,https://db.netkeiba.com/race/202409020405/
202409020405,2024-03-31,1600.0,Cloudy,,2021107255.0,Z Spunky,7,2,456(-5),8,1:35.1,81.0,57,3C,K.Fujioka,NAKAYAMA,TURF,Gd,https://db.netkeiba.com/race/202409020405/
202409020405,2024-03-31,1600.0,Cloudy,,2021104667.0,Sol Amazon,8,1,452(+2),9,1:36.1,270.1,54,3C,S.Yoshimura,NAKAYAMA,TURF,Gd,https://db.netkeiba.com/race/202409020405/
202409020405,2024-03-31,1600.0,Cloudy,,2021102718.0,Nobori Shoryu,9,8,456(-2),7,1:36.4,47.1,56,3C,T.Tsunoda,NAKAYAMA,TURF,Gd,https://db.netkeiba.com/race/202409020405/
202409020405,2024-03-31,1600.0,Cloudy,,,Horse,FP,PP,Horse Wgt.(kg),Fav,FT,Odds,Wgt.(kg),A&S,Jockey,NAKAYAMA,TURF,Gd,https://db.netkeiba.com/race/202409020405/
202409020506,2024-04-06,1200.0,Sunny,,2021105054.0,Mon Chemin,1,7,468(+4),5,1:08.6,7.1,57,3C,Y.Iwata,FUKUSHIMA,TURF,Gd,https://db.netkeiba.com/race/202409020506/
202409020506,2024-04-06,1200.0,Sunny,,2021103837.0,Queen's Shaula,10,6,404(-12),9,1:09.3,109.2,54,3F,T.Tsunoda,FUKUSHIMA,TURF,Gd,https://db.netkeiba.com/race/202409020506/
202409020506,2024-04-06,1200.0,Sunny,,2021102461.0,Band Shell,2,4,474(-2),1,1:08.8,2.3,57,3C,J.Moreira,FUKUSHIMA,TURF,Gd,https://db.netkeiba.com/race/202409020506/
202409020506,2024-04-06,1200.0,Sunny,,2021103312.0,Lord My Life,3,10,490(-2),2,1:08.8,4.5,57,3C,A.Nishimura,FUKUSHIMA,TURF,Gd,https://db.netkeiba.com/race/202409020506/
202409020506,2024-04-06,1200.0,Sunny,,2021110049.0,Awaking,4,8,496(-4),3,1:08.9,6.0,57,3C,R.Sakai,FUKUSHIMA,TURF,Gd,https://db.netkeiba.com/race/202409020506/
202409020506,2024-04-06,1200.0,Sunny,,2021106615.0,Can See Angel,5,1,460(+6),6,1:09.0,10.0,55,3F,K.Matsuyama,FUKUSHIMA,TURF,Gd,https://db.netkeiba.com/race/202409020506/
202409020506,2024-04-06,1200.0,Sunny,,2021105812.0,Vip Genie,6,3,478(-8),7,1:09.0,97.0,57,3C,F.Matsuwaka,FUKUSHIMA,TURF,Gd,https://db.netkeiba.com/race/202409020506/
202409020506,2024-04-06,1200.0,Sunny,,2021104928.0,Trapeziste,7,9,520(+4),4,1:09.1,6.2,57,3C,B.Murzabayev,FUKUSHIMA,TURF,Gd,https://db.netkeiba.com/race/202409020506/
202409020506,2024-04-06,1200.0,Sunny,,2021106586.0,Loveca Moon,8,5,458(-8),8,1:09.2,102.3,52,3F,S.Imamura,FUKUSHIMA,TURF,Gd,https://db.netkeiba.com/race/202409020506/
202409020506,2024-04-06,1200.0,Sunny,,2021105773.0,Jun Tone Fu,9,2,508(-4),10,1:09.2,149.9,57,3C,M.Iwata,FUKUSHIMA,TURF,Gd,https://db.netkeiba.com/race/202409020506/
202409020506,2024-04-06,1200.0,Sunny,,,Horse,FP,PP,Horse Wgt.(kg),Fav,FT,Odds,Wgt.(kg),A&S,Jockey,FUKUSHIMA,TURF,Gd,https://db.netkeiba.com/race/202409020506/
202403010309,2024-04-13,1200.0,Snow,,2021102914.0,Mozu to Kiki,1,5,538(+2),3,1:08.5,6.7,55,3F,N.Furukawa,FUKUSHIMA,TURF,Gd,https://db.netkeiba.com/race/202403010309/
202403010309,2024-04-13,1200.0,Snow,,2021100243.0,Seiun Tida,10,10,418(-6),6,1:09.9,10.7,55,3F,T.Nagano,FUKUSHIMA,TURF,Gd,https://db.netkeiba.com/race/202403010309/
202403010309,2024-04-13,1200.0,Snow,,2021101223.0,Queen's Hat,11,3,468(+6),10,1:10.0,23.6,55,3F,G.Maruyama,FUKUSHIMA,TURF,Gd,https://db.netkeiba.com/race/202403010309/
202403010309,2024-04-13,1200.0,Snow,,2021103552.0,Isla Azul,12,9,466(0),12,1:10.2,41.5,57,3C,M.Kobayashi,FUKUSHIMA,TURF,Gd,https://db.netkeiba.com/race/202403010309/
202403010309,2024-04-13,1200.0,Snow,,2021100060.0,Leo Empress,13,15,484(+6),14,1:10.3,126.7,55,3F,K.Ogino,FUKUSHIMA,TURF,Gd,https://db.netkeiba.com/race/202403010309/
202403010309,2024-04-13,1200.0,Snow,,2021105894.0,Realiser un Reve,14,1,418(-8),9,1:10.6,20.9,55,3F,D.Sasaki,FUKUSHIMA,TURF,Gd,https://db.netkeiba.com/race/202403010309/
202403010309,2024-04-13,1200.0,Snow,,2021103695.0,Because We Can,15,16,418(-5),16,1:10.9,292.1,57,3C,R.Oikawa,FUKUSHIMA,TURF,Gd,https://db.netkeiba.com/race/202403010309/
202403010309,2024-04-13,1200.0,Snow,,2021100121.0,The Blues,16,4,414(0),15,1:11.3,140.0,55,3F,Y.Suzuki,FUKUSHIMA,TURF,Gd,https://db.netkeiba.com/race/202403010309/
202403010309,2024-04-13,1200.0,Snow,,2021105358.0,Asti Spumante,2,7,410(-4),2,1:08.9,5.3,55,3F,H.Kameda,FUKUSHIMA,TURF,Gd,https://db.netkeiba.com/race/202403010309/
202403010309,2024-04-13,1200.0,Snow,,2021100594.0,Amber Needle,3,8,476(-4),4,1:09.2,7.1,57,3C,H.Yoshida,FUKUSHIMA,TURF,Gd,https://db.netkeiba.com/race/202403010309/
202403010309,2024-04-13,1200.0,Snow,,2021100338.0,Tessera Lien,4,6,436(-2),5,1:09.4,8.3,55,3F,S.Ishibashi,FUKUSHIMA,TURF,Gd,https://db.netkeiba.com/race/202403010309/
202403010309,2024-04-13,1200.0,Snow,,2021106854.0,Happier Than Ever,5,2,432(-2),11,1:09.4,24.4,57,3C,K.Kokubun,FUKUSHIMA,TURF,Gd,https://db.netkeiba.com/race/202403010309/
202403010309,2024-04-13,1200.0,Snow,,2021102952.0,Obey Your Master,6,13,456(+6),1,1:09.5,4.4,57,3C,A.Tomita,FUKUSHIMA,TURF,Gd,https://db.netkeiba.com/race/202403010309/
202403010309,2024-04-13,1200.0,Snow,,2021102433.0,Art Form,7,11,444(+4),8,1:09.6,14.8,55,3F,A.Saito,FUKUSHIMA,TURF,Gd,https://db.netkeiba.com/race/202403010309/
202403010309,2024-04-13,1200.0,Snow,,2021105057.0,On the Venus,8,12,420(-6),7,1:09.7,12.8,55,3F,Y.Tannai,FUKUSHIMA,TURF,Gd,https://db.netkeiba.com/race/202403010309/
202403010309,2024-04-13,1200.0,Snow,,2021102388.0,Kaiko,9,14,440(-6),13,1:09.8,48.0,57,3G,M.Muto,FUKUSHIMA,TURF,Gd,https://db.netkeiba.com/race/202403010309/
202403010309,2024-04-13,1200.0,Snow,,,Horse,FP,PP,Horse Wgt.(kg),Fav,FT,Odds,Wgt.(kg),A&S,Jockey,FUKUSHIMA,TURF,Gd,https://db.netkeiba.com/race/202403010309/
202405020306,2024-04-27,1600.0,Cloudy,,2021100171.0,Danon Kilauea,1,1,462(+4),1,1:34.1,1.5,57,3C,A.Tsumura,NIIGATA,TURF,Gd,https://db.netkeiba.com/race/202405020306/
202405020306,2024-04-27,1600.0,Cloudy,,2021104554.0,Limerick,2,7,454(-2),3,1:34.1,5.1,57,3C,T.O'shea,NIIGATA,TURF,Gd,https://db.netkeiba.com/race/202405020306/
202405020306,2024-04-27,1600.0,Cloudy,,2021105773.0,Jun Tone Fu,3,3,508(0),5,1:34.1,25.5,57,3C,S.Ishibashi,NIIGATA,TURF,Gd,https://db.netkeiba.com/race/202405020306/
202405020306,2024-04-27,1600.0,Cloudy,,2021103129.0,Marine Bunker,4,4,486(+8),4,1:34.4,21.0,57,3C,J.Iwabe,NIIGATA,TURF,Gd,https://db.netkeiba.com/race/202405020306/
202405020306,2024-04-27,1600.0,Cloudy,,2021105973.0,Waino Naomi,5,2,440(-10),6,1:34.8,39.7,55,3F,H.Tanabe,NIIGATA,TURF,Gd,https://db.netkeiba.com/race/202405020306/
202405020306,2024-04-27,1600.0,Cloudy,,2021103488.0,Jeanne Rosa,6,9,448(0),2,1:34.8,3.3,55,3F,T.Yokoyama,NIIGATA,TURF,Gd,https://db.netkeiba.com/race/202405020306/
202405020306,2024-04-27,1600.0,Cloudy,,2021107373.0,Tykky,7,6,422(+6),7,1:35.2,327.7,55,3F,J.Shimada,NIIGATA,TURF,Gd,https://db.netkeiba.com/race/202405020306/
202405020306,2024-04-27,1600.0,Cloudy,,2021107156.0,Klart,8,5,428(+2),9,1:35.3,373.0,57,3C,H.Mayuzumi,NIIGATA,TURF,Gd,https://db.netkeiba.com/race/202405020306/
202405020306,2024-04-27,1600.0,Cloudy,,2021101985.0,Derma Prakrti,9,8,456(-4),8,1:35.6,333.2,57,3C,H.Matoba,NIIGATA,TURF,Gd,https://db.netkeiba.com/race/202405020306/
202405020306,2024-04-27,1600.0,Cloudy,,,Horse,FP,PP,Horse Wgt.(kg),Fav,FT,Odds,Wgt.(kg),A&S,Jockey,NIIGATA,TURF,Gd,https://db.netkeiba.com/race/202405020306/
202408030406,2024-04-28,1400.0,Sunny,,2021100139.0,Cranford,1,8,456(+4),1,1:20.2,2.2,55,3F,J.Moreira,NIIGATA,TURF,Gd,https://db.netkeiba.com/race/202408030406/
202408030406,2024-04-28,1400.0,Sunny,,2021102718.0,Nobori Shoryu,10,5,452(-4),11,1:21.8,105.8,57,3C,H.Miyuki,NIIGATA,TURF,Gd,https://db.netkeiba.com/race/202408030406/
202408030406,2024-04-28,1400.0,Sunny,,2021100150.0,Clavichord,11,7,480(0),10,1:22.7,91.8,55,3F,M.Iwata,NIIGATA,TURF,Gd,https://db.netkeiba.com/race/202408030406/
202408030406,2024-04-28,1400.0,Sunny,,2021103519.0,Lila Bonito,2,2,460(+2),5,1:20.9,12.4,55,3F,S.Hamanaka,NIIGATA,TURF,Gd,https://db.netkeiba.com/race/202408030406/
202408030406,2024-04-28,1400.0,Sunny,,2021104672.0,Last Christmas,3,3,460(-4),9,1:21.0,66.1,55,3F,R.Wada,NIIGATA,TURF,Gd,https://db.netkeiba.com/race/202408030406/
202408030406,2024-04-28,1400.0,Sunny,,2021103520.0,Del Cielo,4,4,408(+4),3,1:21.2,6.7,57,3C,Y.Take,NIIGATA,TURF,Gd,https://db.netkeiba.com/race/202408030406/
202408030406,2024-04-28,1400.0,Sunny,,2021105202.0,Poetry,5,10,458(-2),2,1:21.2,3.3,55,3F,K.Sameshima,NIIGATA,TURF,Gd,https://db.netkeiba.com/race/202408030406/
202408030406,2024-04-28,1400.0,Sunny,,2021101102.0,Namura Eden,6,11,420(+6),7,1:21.4,33.4,52,3F,S.Yoshimura,NIIGATA,TURF,Gd,https://db.netkeiba.com/race/202408030406/
202408030406,2024-04-28,1400.0,Sunny,,2021110002.0,World Series,7,6,454(0),4,1:21.4,9.3,57,3C,A.Sugawara,NIIGATA,TURF,Gd,https://db.netkeiba.com/race/202408030406/
202408030406,2024-04-28,1400.0,Sunny,,2021102952.0,Obey Your Master,8,9,452(-4),8,1:21.5,39.0,57,3C,Y.Furukawa,NIIGATA,TURF,Gd,https://db.netkeiba.com/race/202408030406/
202408030406,2024-04-28,1400.0,Sunny,,2021103535.0,Shines on You,9,1,446(0),6,1:21.7,12.9,56,3C,K.Taguchi,NIIGATA,TURF,Gd,https://db.netkeiba.com/race/202408030406/
202408030406,2024-04-28,1400.0,Sunny,,,Horse,FP,PP,Horse Wgt.(kg),Fav,FT,Odds,Wgt.(kg),A&S,Jockey,NIIGATA,TURF,Gd,https://db.netkeiba.com/race/202408030406/
202404010309,2024-05-04,1200.0,Sunny,,2021110049.0,Awaking,1,8,492(-4),1,1:09.1,3.2,57,3C,Y.Hishida,NIIGATA,TURF,Gd,https://db.netkeiba.com/race/202404010309/
202404010309,2024-05-04,1200.0,Sunny,,2021104140.0,Grace Rouge,10,13,430(+24),9,1:11.1,31.2,55,3F,Y.Tsunoda,NIIGATA,TURF,Gd,https://db.netkeiba.com/race/202404010309/
202404010309,2024-05-04,1200.0,Sunny,,2021101905.0,Kyoei Cancer,11,5,458(-4),15,1:11.5,95.9,57,3C,M.Sugihara,NIIGATA,TURF,Gd,https://db.netkeiba.com/race/202404010309/
202404010309,2024-05-04,1200.0,Sunny,,2021104074.0,Love Diva,12,4,454(+8),8,1:11.9,24.4,55,3F,H.Kameda,NIIGATA,TURF,Gd,https://db.netkeiba.com/race/202404010309/
202404010309,2024-05-04,1200.0,Sunny,,2021105068.0,Kurino Hallelujah,13,15,462(0),5,1:11.9,14.2,55,3F,A.Tomita,NIIGATA,TURF,Gd,https://db.netkeiba.com/race/202404010309/
202404010309,2024-05-04,1200.0,Sunny,,2021101730.0,Piko San,14,6,472(+14),12,1:12.4,34.3,57,3C,S.Ishibashi,NIIGATA,TURF,Gd,https://db.netkeiba.com/race/202404010309/
202404010309,2024-05-04,1200.0,Sunny,,2021101386.0,Call Me Maybe,15,11,418(-11),16,1:12.6,422.4,55,3F,M.Okabe,NIIGATA,TURF,Gd,https://db.netkeiba.com/race/202404010309/
202404010309,2024-05-04,1200.0,Sunny,,2021104404.0,Chou Cream,16,2,426(0),6,1:12.9,18.0,55,3F,M.Muto,NIIGATA,TURF,Gd,https://db.netkeiba.com/race/202404010309/
202404010309,2024-05-04,1200.0,Sunny,,2021103039.0,Going My Way,2,9,470(+4),11,1:09.6,34.3,57,3C,K.Kikuzawa,NIIGATA,TURF,Gd,https://db.netkeiba.com/race/202404010309/
202404010309,2024-05-04,1200.0,Sunny,,2021104401.0,Vesalius,3,10,476(0),4,1:09.9,10.0,57,3C,Y.Tannai,NIIGATA,TURF,Gd,https://db.netkeiba.com/race/202404010309/
202404010309,2024-05-04,1200.0,Sunny,,2021104481.0,Beer for Now,4,16,432(0),13,1:10.0,37.5,55,3F,R.Yokoyama,NIIGATA,TURF,Gd,https://db.netkeiba.com/race/202404010309/
202404010309,2024-05-04,1200.0,Sunny,,2021100152.0,Best of You,5,7,422(-2),7,1:10.2,20.1,57,3C,D.Sasaki,NIIGATA,TURF,Gd,https://db.netkeiba.com/race/202404010309/
202404010309,2024-05-04,1200.0,Sunny,,2021100243.0,Seiun Tida,6,1,418(0),14,1:10.7,67.5,55,3F,A.Saito,NIIGATA,TURF,Gd,https://db.netkeiba.com/race/202404010309/
202404010309,2024-05-04,1200.0,Sunny,,2021110153.0,Generale,7,14,486(+4),10,1:10.8,32.7,57,3C,K.Nishizuka,NIIGATA,TURF,Gd,https://db.netkeiba.com/race/202404010309/
202404010309,2024-05-04,1200.0,Sunny,,2021100144.0,Lord Tresor,8,12,528(+12),2,1:10.9,4.0,57,3C,M.Nagashima,NIIGATA,TURF,Gd,https://db.netkeiba.com/race/202404010309/
202404010309,2024-05-04,1200.0,Sunny,,2021102670.0,Isa Chil Seaside,9,3,478(+2),3,1:11.0,4.9,57,3C,K.Yokoyama,NIIGATA,TURF,Gd,https://db.netkeiba.com/race/202404010309/
202404010309,2024-05-04,1200.0,Sunny,,,Horse,FP,PP,Horse Wgt.(kg),Fav,FT,Odds,Wgt.(kg),A&S,Jockey,NIIGATA,TURF,Gd,https://db.netkeiba.com/race/202404010309/
202405020506,2024-05-04,1400.0,Sunny,,2021104908.0,Nicholaus,1,1,440(+2),2,1:20.8,3.0,57,3C,T.Yokoyama,NIIGATA,TURF,Gd,https://db.netkeiba.com/race/202405020506/
202405020506,2024-05-04,1400.0,Sunny,,2021102521.0,Shisocho,10,2,446(-10),9,1:24.3,439.4,55,3F,R.Sugahara,NIIGATA,TURF,Gd,https://db.netkeiba.com/race/202405020506/
202405020506,2024-05-04,1400.0,Sunny,,2021110003.0,And I Love Her,2,5,480(+6),1,1:20.9,2.0,55,3F,K.Tosaki,NIIGATA,TURF,Gd,https://db.netkeiba.com/race/202405020506/
202405020506,2024-05-04,1400.0,Sunny,,2021106298.0,Morino Red Star,3,4,472(+8),3,1:21.2,6.1,55,3F,A.Tsumura,NIIGATA,TURF,Gd,https://db.netkeiba.com/race/202405020506/
202405020506,2024-05-04,1400.0,Sunny,,2021106308.0,Kaito Gut,4,11,464(+4),4,1:21.4,10.0,55,3F,A.Sugawara,NIIGATA,TURF,Gd,https://db.netkeiba.com/race/202405020506/
202405020506,2024-05-04,1400.0,Sunny,,2021103513.0,L'Hexagone,5,8,460(+2),8,1:21.4,37.0,55,3F,T.O'shea,NIIGATA,TURF,Gd,https://db.netkeiba.com/race/202405020506/
202405020506,2024-05-04,1400.0,Sunny,,2021106648.0,Bene Merenti,6,10,434(-4),7,1:21.8,35.2,55,3F,K.Miura,NIIGATA,TURF,Gd,https://db.netkeiba.com/race/202405020506/
202405020506,2024-05-04,1400.0,Sunny,,2021105901.0,Siegrune,7,6,466(+12),5,1:22.0,14.1,55,3F,Y.Ishikawa,NIIGATA,TURF,Gd,https://db.netkeiba.com/race/202405020506/
202405020506,2024-05-04,1400.0,Sunny,,2021105397.0,Aphelion,8,7,476(-4),6,1:22.3,22.1,57,3C,H.Kitamura,NIIGATA,TURF,Gd,https://db.netkeiba.com/race/202405020506/
202405020506,2024-05-04,1400.0,Sunny,,2021100060.0,Leo Empress,9,9,478(-6),10,1:22.3,446.5,55,3F,K.Ogino,NIIGATA,TURF,Gd,https://db.netkeiba.com/race/202405020506/
202405020506,2024-05-04,1400.0,Sunny,,,Horse,FP,PP,Horse Wgt.(kg),Fav,FT,Odds,Wgt.(kg),A&S,Jockey,NIIGATA,TURF,Gd,https://db.netkeiba.com/race/202405020506/
202405020506,2024-05-04,1400.0,Sunny,,2021101223.0,Queen's Hat,NR,3,,,,---,55,3F,K.Maruta,NIIGATA,TURF,Gd,https://db.netkeiba.com/race/202405020506/
202408030507,2024-05-04,1600.0,Sunny,,2021105864.0,World's End,1,6,458(-4),1,1:32.3,1.4,57,3C,Y.Kawada,NIIGATA,TURF,Gd,https://db.netkeiba.com/race/202408030507/
202408030507,2024-05-04,1600.0,Sunny,,2021105746.0,Altoum,2,4,424(0),2,1:32.4,5.1,57,3C,Y.Fujioka,NIIGATA,TURF,Gd,https://db.netkeiba.com/race/202408030507/
202408030507,2024-05-04,1600.0,Sunny,,2021102016.0,Ecoro Mars,3,3,490(-2),4,1:32.7,7.3,57,3C,Y.Iwata,NIIGATA,TURF,Gd,https://db.netkeiba.com/race/202408030507/
202408030507,2024-05-04,1600.0,Sunny,,2021105141.0,Pacific High,4,1,454(+6),3,1:33.0,7.2,55,3F,K.Sameshima,NIIGATA,TURF,Gd,https://db.netkeiba.com/race/202408030507/
202408030507,2024-05-04,1600.0,Sunny,,2021100284.0,Yamanin Alacria,5,7,476(0),6,1:33.7,194.1,57,3C,K.Tanaka,NIIGATA,TURF,Gd,https://db.netkeiba.com/race/202408030507/
202408030507,2024-05-04,1600.0,Sunny,,2021103696.0,Bradshaw,6,2,450(0),8,1:34.4,243.6,57,3C,R.Kozaki,NIIGATA,TURF,Gd,https://db.netkeiba.com/race/202408030507/
202408030507,2024-05-04,1600.0,Sunny,,2021105176.0,Kurino Spinel,7,5,450(+4),7,1:34.5,195.5,54,3F,K.Taguchi,NIIGATA,TURF,Gd,https://db.netkeiba.com/race/202408030507/
202408030507,2024-05-04,1600.0,Sunny,,2021102235.0,Black Sunrise,8,8,464(-6),5,1:35.4,14.0,55,3F,F.Matsuwaka,NIIGATA,TURF,Gd,https://db.netkeiba.com/race/202408030507/
202408030507,2024-05-04,1600.0,Sunny,,,Horse,FP,PP,Horse Wgt.(kg),Fav,FT,Odds,Wgt.(kg),A&S,Jockey,NIIGATA,TURF,Gd,https://db.netkeiba.com/race/202408030507/
202404010509,2024-05-11,1000.0,Sunny,,2021100610.0,Asagiri,1,12,436(-8),3,0:55.6,4.2,55,3F,Y.Tannai,NIIGATA,TURF,Gd,https://db.netkeiba.com/race/202404010509/
202404010509,2024-05-11,1000.0,Sunny,,2021103710.0,Hermes,10,7,480(0),5,0:57.3,11.6,57,3C,R.Kobayashi,NIIGATA,TURF,Gd,https://db.netkeiba.com/race/202404010509/
202404010509,2024-05-11,1000.0,Sunny,,2021104050.0,Nishino Ojo,11,4,448(+8),10,0:58.1,56.7,55,3F,M.Kobayashi,NIIGATA,TURF,Gd,https://db.netkeiba.com/race/202404010509/
202404010509,2024-05-11,1000.0,Sunny,,2021107336.0,Kurino Soleil,12,3,408(-6),11,0:58.1,447.4,55,3F,R.Sugahara,NIIGATA,TURF,Gd,https://db.netkeiba.com/race/202404010509/
202404010509,2024-05-11,1000.0,Sunny,,2021105373.0,Place Dauphine,2,10,488(+6),1,0:55.7,2.9,55,3F,K.Kikuzawa,NIIGATA,TURF,Gd,https://db.netkeiba.com/race/202404010509/
202404010509,2024-05-11,1000.0,Sunny,,2021100782.0,Dona Venus,3,8,450(-8),4,0:55.9,8.8,55,3F,M.Nagashima,NIIGATA,TURF,Gd,https://db.netkeiba.com/race/202404010509/
202404010509,2024-05-11,1000.0,Sunny,,2021106994.0,Nishino Lumillion,4,11,476(+4),7,0:56.1,20.4,57,3C,M.Muto,NIIGATA,TURF,Gd,https://db.netkeiba.com/race/202404010509/
202404010509,2024-05-11,1000.0,Sunny,,2021104896.0,Asi se Baila,5,6,492(+10),8,0:56.2,28.1,55,3F,Y.Iwata,NIIGATA,TURF,Gd,https://db.netkeiba.com/race/202404010509/
202404010509,2024-05-11,1000.0,Sunny,,2021100792.0,Scorpion,6,5,460(0),9,0:56.2,41.3,57,3C,G.Maruyama,NIIGATA,TURF,Gd,https://db.netkeiba.com/race/202404010509/
202404010509,2024-05-11,1000.0,Sunny,,2021103338.0,Naeil Na,7,9,456(0),2,0:56.5,3.4,57,3C,M.Sugihara,NIIGATA,TURF,Gd,https://db.netkeiba.com/race/202404010509/
202404010509,2024-05-11,1000.0,Sunny,,2021102054.0,Lux Paradis,8,1,404(-2),6,0:56.6,18.0,55,3F,S.Ishibashi,NIIGATA,TURF,Gd,https://db.netkeiba.com/race/202404010509/
202404010509,2024-05-11,1000.0,Sunny,,2021103695.0,Because We Can,9,2,414(-4),12,0:56.8,473.5,57,3C,K.Kato,NIIGATA,TURF,Gd,https://db.netkeiba.com/race/202404010509/
202404010509,2024-05-11,1000.0,Sunny,,,Horse,FP,PP,Horse Wgt.(kg),Fav,FT,Odds,Wgt.(kg),A&S,Jockey,NIIGATA,TURF,Gd,https://db.netkeiba.com/race/202404010509/
202408030909,2024-05-18,1600.0,Sunny,,2021105618.0,Smart Weiss,1,7,478(+2),2,1:32.9,2.9,57,3C,Y.Take,NIIGATA,TURF,Gd,https://db.netkeiba.com/race/202408030909/
202408030909,2024-05-18,1600.0,Sunny,,2021104752.0,Laudable,10,9,510(0),11,1:34.1,49.7,57,3C,K.Matsuyama,NIIGATA,TURF,Gd,https://db.netkeiba.com/race/202408030909/
202408030909,2024-05-18,1600.0,Sunny,,2021102952.0,Obey Your Master,11,3,450(-2),12,1:34.1,119.0,57,3C,Y.Furukawa,NIIGATA,TURF,Gd,https://db.netkeiba.com/race/202408030909/
202408030909,2024-05-18,1600.0,Sunny,,2021105176.0,Kurino Spinel,12,14,452(+2),13,1:34.6,251.0,55,3F,R.Wada,NIIGATA,TURF,Gd,https://db.netkeiba.com/race/202408030909/
202408030909,2024-05-18,1600.0,Sunny,,2021105746.0,Altoum,2,5,422(-2),1,1:33.0,2.0,57,3C,Y.Fujioka,NIIGATA,TURF,Gd,https://db.netkeiba.com/race/202408030909/
202408030909,2024-05-18,1600.0,Sunny,,2021104242.0,Shonan Raul,3,6,418(+2),8,1:33.2,29.9,55,3F,K.Taguchi,NIIGATA,TURF,Gd,https://db.netkeiba.com/race/202408030909/
202408030909,2024-05-18,1600.0,Sunny,,2021103520.0,Del Cielo,4,10,408(0),9,1:33.3,31.8,57,3C,M.Iwata,NIIGATA,TURF,Gd,https://db.netkeiba.com/race/202408030909/
202408030909,2024-05-18,1600.0,Sunny,,2021103519.0,Lila Bonito,5,4,458(-2),5,1:33.3,16.2,55,3F,S.Hamanaka,NIIGATA,TURF,Gd,https://db.netkeiba.com/race/202408030909/
202408030909,2024-05-18,1600.0,Sunny,,2021100683.0,Be Glad,6,13,436(-6),3,1:33.5,12.0,55,3F,A.Nishimura,NIIGATA,TURF,Gd,https://db.netkeiba.com/race/202408030909/
202408030909,2024-05-18,1600.0,Sunny,,2021105160.0,Caelum,7,2,476(0),7,1:33.5,23.1,57,3C,A.Saito,NIIGATA,TURF,Gd,https://db.netkeiba.com/race/202408030909/
202408030909,2024-05-18,1600.0,Sunny,,2021105926.0,Redington,8,12,480(+6),4,1:33.5,14.8,57,3C,F.Matsuwaka,NIIGATA,TURF,Gd,https://db.netkeiba.com/race/202408030909/
202408030909,2024-05-18,1600.0,Sunny,,2021105528.0,Satono Empire,9,8,412(-24),10,1:34.1,40.3,57,3C,R.Sakai,NIIGATA,TURF,Gd,https://db.netkeiba.com/race/202408030909/
202408030909,2024-05-18,1600.0,Sunny,,2021110072.0,Metiers d'Art,DNF,1,482(+6),6,,17.4,55,3F,K.Sameshima,NIIGATA,TURF,Gd,https://db.netkeiba.com/race/202408030909/
202408030909,2024-05-18,1600.0,Sunny,,,Horse,FP,PP,Horse Wgt.(kg),Fav,FT,Odds,Wgt.(kg),A&S,Jockey,NIIGATA,TURF,Gd,https://db.netkeiba.com/race/202408030909/
202408030909,2024-05-18,1600.0,Sunny,,2021103449.0,Moani,NR,11,,,,---,55,3F,T.Danno,NIIGATA,TURF,Gd,https://db.netkeiba.com/race/202408030909/
202405021005,2024-05-19,1600.0,Cloudy,,2021105661.0,Regalo del Cielo,1,5,510(-8),1,1:34.4,1.9,57,3C,C.Lemaire,NIIGATA,TURF,Gd,https://db.netkeiba.com/race/202405021005/
202405021005,2024-05-19,1600.0,Cloudy,,2021105779.0,Red Senor,10,9,474(-4),8,1:35.5,41.1,57,3C,K.Yokoyama,NIIGATA,TURF,Gd,https://db.netkeiba.com/race/202405021005/
202405021005,2024-05-19,1600.0,Cloudy,,2021101015.0,Supervisor,11,7,460(+2),10,1:35.5,51.1,54,3C,K.Nagahama,NIIGATA,TURF,Gd,https://db.netkeiba.com/race/202405021005/
202405021005,2024-05-19,1600.0,Cloudy,,2021105831.0,Gravis,2,1,502(-6),6,1:34.6,10.4,57,3C,R.Sakai,NIIGATA,TURF,Gd,https://db.netkeiba.com/race/202405021005/
202405021005,2024-05-19,1600.0,Cloudy,,2021105773.0,Jun Tone Fu,3,11,506(-2),9,1:34.7,41.3,57,3C,M.Iwata,NIIGATA,TURF,Gd,https://db.netkeiba.com/race/202405021005/
202405021005,2024-05-19,1600.0,Cloudy,,2021105141.0,Pacific High,4,2,448(-6),5,1:34.8,9.3,55,3F,Y.Kawada,NIIGATA,TURF,Gd,https://db.netkeiba.com/race/202405021005/
202405021005,2024-05-19,1600.0,Cloudy,,2021103303.0,Dreaming Up,5,4,460(0),2,1:34.9,6.1,57,3C,Y.Yoshida,NIIGATA,TURF,Gd,https://db.netkeiba.com/race/202405021005/
202405021005,2024-05-19,1600.0,Cloudy,,2021102717.0,Jaguar,6,6,452(+10),3,1:34.9,6.8,57,3C,K.Tosaki,NIIGATA,TURF,Gd,https://db.netkeiba.com/race/202405021005/
202405021005,2024-05-19,1600.0,Cloudy,,2021104554.0,Limerick,7,3,452(-2),7,1:35.0,28.0,57,3C,T.O'shea,NIIGATA,TURF,Gd,https://db.netkeiba.com/race/202405021005/
202405021005,2024-05-19,1600.0,Cloudy,,2021105973.0,Waino Naomi,8,8,440(0),11,1:35.2,196.1,55,3F,K.Kawamata,NIIGATA,TURF,Gd,https://db.netkeiba.com/race/202405021005/
202405021005,2024-05-19,1600.0,Cloudy,,2021105555.0,Trajectoire,9,10,474(+4),4,1:35.4,9.1,57,3C,K.Matsuyama,NIIGATA,TURF,Gd,https://db.netkeiba.com/race/202405021005/
202405021005,2024-05-19,1600.0,Cloudy,,,Horse,FP,PP,Horse Wgt.(kg),Fav,FT,Odds,Wgt.(kg),A&S,Jockey,NIIGATA,TURF,Gd,https://db.netkeiba.com/race/202405021005/
202408031007,2024-05-19,1200.0,LightRain,,2021103278.0,Meisho Migliore,1,6,482(-2),2,1:08.3,3.5,52,3F,R.Takasugi,NIIGATA,TURF,Gd,https://db.netkeiba.com/race/202408031007/
202408031007,2024-05-19,1200.0,LightRain,,2021104140.0,Grace Rouge,10,2,430(0),6,1:10.0,17.5,55,3F,K.Sameshima,NIIGATA,TURF,Gd,https://db.netkeiba.com/race/202408031007/
202408031007,2024-05-19,1200.0,LightRain,,2021101682.0,Guilty Pleasure,11,7,426(-8),7,1:10.2,18.9,53,3F,K.Nishizuka,NIIGATA,TURF,Gd,https://db.netkeiba.com/race/202408031007/
202408031007,2024-05-19,1200.0,LightRain,,2021101102.0,Namura Eden,2,1,420(0),5,1:08.4,10.6,52,3F,S.Yoshimura,NIIGATA,TURF,Gd,https://db.netkeiba.com/race/202408031007/
202408031007,2024-05-19,1200.0,LightRain,,2021102561.0,Key Wave,3,9,426(+10),10,1:08.6,53.2,57,3C,R.Wada,NIIGATA,TURF,Gd,https://db.netkeiba.com/race/202408031007/
202408031007,2024-05-19,1200.0,LightRain,,2021102164.0,Drunk Man,4,10,450(-12),9,1:08.6,48.1,57,3C,Y.Hishida,NIIGATA,TURF,Gd,https://db.netkeiba.com/race/202408031007/
202408031007,2024-05-19,1200.0,LightRain,,2021100144.0,Lord Tresor,5,3,524(-4),1,1:08.6,3.1,57,3C,H.Miyuki,NIIGATA,TURF,Gd,https://db.netkeiba.com/race/202408031007/
202408031007,2024-05-19,1200.0,LightRain,,2021100359.0,Sky Canvas,6,5,438(+18),4,1:08.7,8.5,55,3F,A.Tomita,NIIGATA,TURF,Gd,https://db.netkeiba.com/race/202408031007/
202408031007,2024-05-19,1200.0,LightRain,,2021106586.0,Loveca Moon,7,8,452(-6),8,1:08.8,21.8,55,3F,T.Danno,NIIGATA,TURF,Gd,https://db.netkeiba.com/race/202408031007/
202408031007,2024-05-19,1200.0,LightRain,,2021110033.0,Passing Shower,8,11,494(+4),3,1:08.8,4.2,57,3C,A.Nishimura,NIIGATA,TURF,Gd,https://db.netkeiba.com/race/202408031007/
202408031007,2024-05-19,1200.0,LightRain,,2021102155.0,Miss Katharine,9,4,424(+6),11,1:09.5,99.1,54,3F,K.Taguchi,NIIGATA,TURF,Gd,https://db.netkeiba.com/race/202408031007/
202408031007,2024-05-19,1200.0,LightRain,,,Horse,FP,PP,Horse Wgt.(kg),Fav,FT,Odds,Wgt.(kg),A&S,Jockey,NIIGATA,TURF,Gd,https://db.netkeiba.com/race/202408031007/
202405021107,2024-05-25,1400.0,Sunny,,2021105888.0,Steelblue,1,10,436(+6),1,1:21.0,1.7,55,3F,C.Lemaire,TOKYO,TURF,Gd,https://db.netkeiba.com/race/202405021107/
202405021107,2024-05-25,1400.0,Sunny,,2021102933.0,Kaluza Klein,10,9,442(0),7,1:22.4,47.4,57,3C,Y.Tannai,TOKYO,TURF,Gd,https://db.netkeiba.com/race/202405021107/
202405021107,2024-05-25,1400.0,Sunny,,2021100879.0,Hakusan Eagle,11,5,466(-4),6,1:22.4,20.0,57,3C,T.O'shea,TOKYO,TURF,Gd,https://db.netkeiba.com/race/202405021107/
202405021107,2024-05-25,1400.0,Sunny,,2021103347.0,Bogo Sipda,12,8,376(+4),15,1:22.5,605.6,52,3F,T.Ishida,TOKYO,TURF,Gd,https://db.netkeiba.com/race/202405021107/
202405021107,2024-05-25,1400.0,Sunny,,2021103535.0,Shines on You,13,14,440(-6),8,1:22.8,52.7,56,3C,Y.Hara,TOKYO,TURF,Gd,https://db.netkeiba.com/race/202405021107/
202405021107,2024-05-25,1400.0,Sunny,,2021105435.0,Annabelle Eclat,14,15,450(+4),14,1:22.9,302.1,51,3F,M.Kobayashi,TOKYO,TURF,Gd,https://db.netkeiba.com/race/202405021107/
202405021107,2024-05-25,1400.0,Sunny,,2021104050.0,Nishino Ojo,15,1,446(-2),13,1:24.3,293.1,55,3F,Y.Ishikawa,TOKYO,TURF,Gd,https://db.netkeiba.com/race/202405021107/
202405021107,2024-05-25,1400.0,Sunny,,2021106308.0,Kaito Gut,2,6,460(-4),3,1:21.4,8.3,55,3F,G.Maruyama,TOKYO,TURF,Gd,https://db.netkeiba.com/race/202405021107/
202405021107,2024-05-25,1400.0,Sunny,,2021106298.0,Morino Red Star,3,12,460(-12),4,1:21.7,10.3,55,3F,A.Tsumura,TOKYO,TURF,Gd,https://db.netkeiba.com/race/202405021107/
202405021107,2024-05-25,1400.0,Sunny,,2021103039.0,Going My Way,4,2,468(-2),5,1:21.7,12.0,57,3C,J.Moreira,TOKYO,TURF,Gd,https://db.netkeiba.com/race/202405021107/
202405021107,2024-05-25,1400.0,Sunny,,2021105057.0,On the Venus,5,7,424(+4),11,1:21.9,135.8,55,3F,M.Sugihara,TOKYO,TURF,Gd,https://db.netkeiba.com/race/202405021107/
202405021107,2024-05-25,1400.0,Sunny,,2021100247.0,Tiger Dragon,6,13,438(-10),12,1:21.9,251.7,53,3C,H.Oehara,TOKYO,TURF,Gd,https://db.netkeiba.com/race/202405021107/
202405021107,2024-05-25,1400.0,Sunny,,2021100152.0,Best of You,7,11,418(-4),10,1:21.9,90.4,57,3C,T.Yokoyama,TOKYO,TURF,Gd,https://db.netkeiba.com/race/202405021107/
202405021107,2024-05-25,1400.0,Sunny,,2021101023.0,Eifer Battle,8,3,436(-8),9,1:21.9,52.8,55,3C,N.Fujita,TOKYO,TURF,Gd,https://db.netkeiba.com/race/202405021107/
202405021107,2024-05-25,1400.0,Sunny,,2021105150.0,Nafarroa,9,4,456(-6),2,1:22.2,4.3,57,3C,K.Tosaki,TOKYO,TURF,Gd,https://db.netkeiba.com/race/202405021107/
202405021107,2024-05-25,1400.0,Sunny,,,Horse,FP,PP,Horse Wgt.(kg),Fav,FT,Odds,Wgt.(kg),A&S,Jockey,TOKYO,TURF,Gd,https://db.netkeiba.com/race/202405021107/
202406040109,2024-09-07,1600.0,Sunny,,2022105031.0,Jardinier,1,1,454(+18),1,1:33.6,1.8,55,2F,K.Tosaki,NAKAYAMA,TURF,Gd,https://db.netkeiba.com/race/202406040109/
202406040109,2024-09-07,1600.0,Sunny,,2022103316.0,Kitano Kunikara,2,4,394(-6),4,1:33.8,12.5,55,2F,M.Sugihara,NAKAYAMA,TURF,Gd,https://db.netkeiba.com/race/202406040109/
202406040109,2024-09-07,1600.0,Sunny,,2022104939.0,Winter Bell,3,2,476(+14),2,1:34.0,2.0,55,2C,C.Lemaire,NAKAYAMA,TURF,Gd,https://db.netkeiba.com/race/202406040109/
202406040109,2024-09-07,1600.0,Sunny,,2022100336.0,Friend Beach,4,6,408(0),7,1:34.2,145.5,55,2F,Y.Yoshida,NAKAYAMA,TURF,Gd,https://db.netkeiba.com/race/202406040109/
202406040109,2024-09-07,1600.0,Sunny,,2022103416.0,Seul et Patriote,5,8,400(+8),3,1:34.3,10.0,55,2C,R.Yokoyama,NAKAYAMA,TURF,Gd,https://db.netkeiba.com/race/202406040109/
202406040109,2024-09-07,1600.0,Sunny,,2022103330.0,Ice Field,6,3,440(0),8,1:34.4,213.9,55,2C,H.Mayuzumi,NAKAYAMA,TURF,Gd,https://db.netkeiba.com/race/202406040109/
202406040109,2024-09-07,1600.0,Sunny,,2022104028.0,Dothan Dothan,7,5,468(-5),6,1:34.6,77.6,55,2C,T.Mori,NAKAYAMA,TURF,Gd,https://db.netkeiba.com/race/202406040109/
202406040109,2024-09-07,1600.0,Sunny,,2022104533.0,Cheongug,8,7,462(+4),5,1:34.7,41.7,55,2C,S.Kobayashi,NAKAYAMA,TURF,Gd,https://db.netkeiba.com/race/202406040109/
202406040109,2024-09-07,1600.0,Sunny,,,Horse,FP,PP,Horse Wgt.(kg),Fav,FT,Odds,Wgt.(kg),A&S,Jockey,NAKAYAMA,TURF,Gd,https://db.netkeiba.com/race/202406040109/
202406040909,2024-09-29,1600.0,Cloudy,,2022101250.0,Kurino Mei,1,2,444(0),4,1:35.2,18.4,55,2F,D.Sasaki,NAKAYAMA,TURF,Gd,https://db.netkeiba.com/race/202406040909/
202406040909,2024-09-29,1600.0,Cloudy,,2022106803.0,Mirada Caliente,2,8,470(-4),8,1:35.2,52.2,55,2F,Y.Ishikawa,NAKAYAMA,TURF,Gd,https://db.netkeiba.com/race/202406040909/
202406040909,2024-09-29,1600.0,Cloudy,,2022101906.0,Kyoei Bonita,3,4,448(+2),7,1:35.2,34.7,55,2F,M.Matsuoka,NAKAYAMA,TURF,Gd,https://db.netkeiba.com/race/202406040909/
202406040909,2024-09-29,1600.0,Cloudy,,2022105985.0,Sena Marine,4,1,512(+10),2,1:35.3,6.3,55,2F,K.Tosaki,NAKAYAMA,TURF,Gd,https://db.netkeiba.com/race/202406040909/
202406040909,2024-09-29,1600.0,Cloudy,,2022105185.0,Embroidery,5,6,480(0),1,1:35.3,1.2,55,2F,C.Lemaire,NAKAYAMA,TURF,Gd,https://db.netkeiba.com/race/202406040909/
202406040909,2024-09-29,1600.0,Cloudy,,2022101574.0,O K Smile,6,3,416(-8),6,1:35.7,33.9,55,2F,A.Sugawara,NAKAYAMA,TURF,Gd,https://db.netkeiba.com/race/202406040909/
202406040909,2024-09-29,1600.0,Cloudy,,2022105429.0,Chigiri,7,7,448(-8),5,1:36.1,25.3,55,2F,Y.Take,NAKAYAMA,TURF,Gd,https://db.netkeiba.com/race/202406040909/
202406040909,2024-09-29,1600.0,Cloudy,,2022100216.0,Alma Grace,8,5,454(-2),9,1:36.5,119.1,55,2F,K.Teetan,NAKAYAMA,TURF,Gd,https://db.netkeiba.com/race/202406040909/
202406040909,2024-09-29,1600.0,Cloudy,,2022104781.0,Go So Far,9,9,456(+6),3,1:36.8,9.6,55,2F,T.Yokoyama,NAKAYAMA,TURF,Gd,https://db.netkeiba.com/race/202406040909/
202406040909,2024-09-29,1600.0,Cloudy,,,Horse,FP,PP,Horse Wgt.(kg),Fav,FT,Odds,Wgt.(kg),A&S,Jockey,NAKAYAMA,TURF,Gd,https://db.netkeiba.com/race/202406040909/
202408050109,2024-10-05,1400.0,Sunny,,2022104617.0,Voulezvous,1,8,462(-4),3,1:21.8,5.0,55,2F,A.Starke,NIIGATA,TURF,Gd,https://db.netkeiba.com/race/202408050109/
202408050109,2024-10-05,1400.0,Sunny,,2022102617.0,A Shin Dahlia,10,11,454(-3),10,1:24.2,233.3,55,2F,K.Taguchi,NIIGATA,TURF,Gd,https://db.netkeiba.com/race/202408050109/
202408050109,2024-10-05,1400.0,Sunny,,2022100135.0,Aime la Vie,2,4,434(-16),8,1:21.8,18.6,55,2F,M.Sakai,NIIGATA,TURF,Gd,https://db.netkeiba.com/race/202408050109/
202408050109,2024-10-05,1400.0,Sunny,,2022103304.0,Dantsu Elan,3,1,486(+6),1,1:22.0,2.9,55,2F,H.Miyuki,NIIGATA,TURF,Gd,https://db.netkeiba.com/race/202408050109/
202408050109,2024-10-05,1400.0,Sunny,,2022102887.0,Namura Clara,4,3,478(+6),2,1:22.0,3.4,55,2F,A.Nishimura,NIIGATA,TURF,Gd,https://db.netkeiba.com/race/202408050109/
202408050109,2024-10-05,1400.0,Sunny,,2022101765.0,Piko Rose,5,10,434(0),9,1:22.1,36.0,55,2F,Y.Kitamura,NIIGATA,TURF,Gd,https://db.netkeiba.com/race/202408050109/
202408050109,2024-10-05,1400.0,Sunny,,2022101623.0,Abu Qir Bay,6,9,410(+2),5,1:22.2,10.5,55,2F,M.Iwata,NIIGATA,TURF,Gd,https://db.netkeiba.com/race/202408050109/
202408050109,2024-10-05,1400.0,Sunny,,2022105407.0,Sunny Salsa,7,7,458(-2),4,1:22.6,8.2,55,2F,M.Nagashima,NIIGATA,TURF,Gd,https://db.netkeiba.com/race/202408050109/
202408050109,2024-10-05,1400.0,Sunny,,2022105963.0,Port de La Mer,8,2,418(0),6,1:22.7,16.1,55,2F,T.Danno,NIIGATA,TURF,Gd,https://db.netkeiba.com/race/202408050109/
202408050109,2024-10-05,1400.0,Sunny,,2022101048.0,Shonan Raffine,9,5,392(+2),7,1:23.2,16.8,55,2F,K.Sameshima,NIIGATA,TURF,Gd,https://db.netkeiba.com/race/202408050109/
202408050109,2024-10-05,1400.0,Sunny,,,Horse,FP,PP,Horse Wgt.(kg),Fav,FT,Odds,Wgt.(kg),A&S,Jockey,NIIGATA,TURF,Gd,https://db.netkeiba.com/race/202408050109/
202408050109,2024-10-05,1400.0,Sunny,,2022105718.0,Lily Field,NR,6,426(-2),,,---,55,2F,R.Wada,NIIGATA,TURF,Gd,https://db.netkeiba.com/race/202408050109/
202405040606,2024-10-20,1400.0,Sunny,,2022105317.0,Meant to Be,1,7,438(0),3,1:24.2,5.5,55,2F,M.Matsuoka,NIIGATA,TURF,Gd,https://db.netkeiba.com/race/202405040606/
202405040606,2024-10-20,1400.0,Sunny,,2022105429.0,Chigiri,2,6,456(+8),2,1:24.5,5.3,55,2F,T.Yokoyama,NIIGATA,TURF,Gd,https://db.netkeiba.com/race/202405040606/
202405040606,2024-10-20,1400.0,Sunny,,2022100737.0,Seiun Big Bang,3,3,434(+2),1,1:25.1,1.3,56,2C,K.Miura,NIIGATA,TURF,Gd,https://db.netkeiba.com/race/202405040606/
202405040606,2024-10-20,1400.0,Sunny,,2022100336.0,Friend Beach,4,1,414(+2),5,1:25.2,36.2,55,2F,Y.Yoshida,NIIGATA,TURF,Gd,https://db.netkeiba.com/race/202405040606/
202405040606,2024-10-20,1400.0,Sunny,,2022101983.0,Miraieno Bouquet,5,4,446(+16),4,1:25.4,8.1,55,2F,D.Shibata,NIIGATA,TURF,Gd,https://db.netkeiba.com/race/202405040606/
202405040606,2024-10-20,1400.0,Sunny,,2022103329.0,Feliz Navidad,6,5,452(-6),7,1:26.1,227.6,55,2F,K.Maruta,NIIGATA,TURF,Gd,https://db.netkeiba.com/race/202405040606/
202405040606,2024-10-20,1400.0,Sunny,,2022100286.0,Futaiten Wheel,7,8,422(+8),6,1:26.1,85.8,52,2F,T.Ishida,NIIGATA,TURF,Gd,https://db.netkeiba.com/race/202405040606/
202405040606,2024-10-20,1400.0,Sunny,,2022103041.0,Camice,8,2,394(-4),8,1:26.4,307.8,55,2F,T.Nishimura,NIIGATA,TURF,Gd,https://db.netkeiba.com/race/202405040606/
202405040606,2024-10-20,1400.0,Sunny,,,Horse,FP,PP,Horse Wgt.(kg),Fav,FT,Odds,Wgt.(kg),A&S,Jockey,NIIGATA,TURF,Gd,https://db.netkeiba.com/race/202405040606/
202405050506,2024-11-16,1400.0,Cloudy,,2022105185.0,Embroidery,1,8,474(-6),1,1:22.7,1.7,55,2F,C.Lemaire,FUKUSHIMA,TURF,Gd,https://db.netkeiba.com/race/202405050506/
202405050506,2024-11-16,1400.0,Cloudy,,2022103036.0,Honey Irie,10,10,466(+8),6,1:24.7,75.0,55,2F,A.Tsumura,FUKUSHIMA,TURF,Gd,https://db.netkeiba.com/race/202405050506/
202405050506,2024-11-16,1400.0,Cloudy,,2022105435.0,Bonne Soiree,2,7,440(0),3,1:22.9,5.8,55,2F,K.Tosaki,FUKUSHIMA,TURF,Gd,https://db.netkeiba.com/race/202405050506/
202405050506,2024-11-16,1400.0,Cloudy,,2022106603.0,Moja Leo,3,9,456(0),5,1:23.2,18.2,56,2C,T.Marquand,FUKUSHIMA,TURF,Gd,https://db.netkeiba.com/race/202405050506/
202405050506,2024-11-16,1400.0,Cloudy,,2022104771.0,Star Wave,4,5,482(+8),2,1:23.5,2.9,56,2C,K.Miura,FUKUSHIMA,TURF,Gd,https://db.netkeiba.com/race/202405050506/
202405050506,2024-11-16,1400.0,Cloudy,,2022103192.0,Oirambuchi,5,4,438(-2),7,1:23.7,126.4,55,2F,S.Ishibashi,FUKUSHIMA,TURF,Gd,https://db.netkeiba.com/race/202405050506/
202405050506,2024-11-16,1400.0,Cloudy,,2022105429.0,Chigiri,6,1,460(+4),4,1:23.8,11.8,55,2F,T.Yokoyama,FUKUSHIMA,TURF,Gd,https://db.netkeiba.com/race/202405050506/
202405050506,2024-11-16,1400.0,Cloudy,,2022103326.0,Girl Next Door,7,3,442(-6),10,1:24.2,317.2,55,2F,K.Maruta,FUKUSHIMA,TURF,Gd,https://db.netkeiba.com/race/202405050506/
202405050506,2024-11-16,1400.0,Cloudy,,2022104298.0,Tentomushi Samba,8,2,486(-8),9,1:24.2,310.1,55,2F,I.Kowata,FUKUSHIMA,TURF,Gd,https://db.netkeiba.com/race/202405050506/
202405050506,2024-11-16,1400.0,Cloudy,,2022107280.0,California Bomb,9,6,464(+4),8,1:24.5,290.6,56,2C,H.Kitamura,FUKUSHIMA,TURF,Gd,https://db.netkeiba.com/race/202405050506/
202405050506,2024-11-16,1400.0,Cloudy,,,Horse,FP,PP,Horse Wgt.(kg),Fav,FT,Odds,Wgt.(kg),A&S,Jockey,FUKUSHIMA,TURF,Gd,https://db.netkeiba.com/race/202405050506/
202408060509,2024-11-16,1400.0,LightRain,,2022100642.0,Castle Lake,1,1,464(+2),2,1:23.0,3.2,55,2F,K.Taguchi,FUKUSHIMA,TURF,Gd,https://db.netkeiba.com/race/202408060509/
202408060509,2024-11-16,1400.0,LightRain,,2022110077.0,Irifi,2,8,424(-2),4,1:23.1,8.0,55,2F,K.Sameshima,FUKUSHIMA,TURF,Gd,https://db.netkeiba.com/race/202408060509/
202408060509,2024-11-16,1400.0,LightRain,,2022109145.0,Ai Yo Amethyst,3,6,438(0),7,1:23.3,21.5,55,2F,S.Yoshimura,FUKUSHIMA,TURF,Gd,https://db.netkeiba.com/race/202408060509/
202408060509,2024-11-16,1400.0,LightRain,,2022100654.0,Selvans,4,7,428(-2),6,1:23.5,15.0,56,2C,A.Starke,FUKUSHIMA,TURF,Gd,https://db.netkeiba.com/race/202408060509/
202408060509,2024-11-16,1400.0,LightRain,,2022100335.0,Acrux,5,4,472(0),3,1:23.8,4.5,56,2C,T.Fujikake,FUKUSHIMA,TURF,Gd,https://db.netkeiba.com/race/202408060509/
202408060509,2024-11-16,1400.0,LightRain,,2022104748.0,Will Survive,6,3,436(+8),1,1:23.9,2.5,55,2F,C.Demuro,FUKUSHIMA,TURF,Gd,https://db.netkeiba.com/race/202408060509/
202408060509,2024-11-16,1400.0,LightRain,,2022100837.0,Hideno Blue Sky,7,5,420(0),5,1:24.6,14.3,56,2C,R.Sakai,FUKUSHIMA,TURF,Gd,https://db.netkeiba.com/race/202408060509/
202408060509,2024-11-16,1400.0,LightRain,,2022105951.0,Maple Gin,8,9,420(-3),9,1:24.6,240.2,56,2C,T.Watanabe,FUKUSHIMA,TURF,Gd,https://db.netkeiba.com/race/202408060509/
202408060509,2024-11-16,1400.0,LightRain,,2022106453.0,Hurricane,9,2,502(-8),8,1:25.2,70.8,56,2C,Y.Mizuguchi,FUKUSHIMA,TURF,Gd,https://db.netkeiba.com/race/202408060509/
202408060509,2024-11-16,1400.0,LightRain,,,Horse,FP,PP,Horse Wgt.(kg),Fav,FT,Odds,Wgt.(kg),A&S,Jockey,FUKUSHIMA,TURF,Gd,https://db.netkeiba.com/race/202408060509/
202405050608,2024-11-17,1600.0,Sunny,,2022105467.0,Ma Puce,1,5,494(-6),3,1:33.9,5.2,55,2F,H.Tanabe,FUKUSHIMA,TURF,Gd,https://db.netkeiba.com/race/202405050608/
202405050608,2024-11-17,1600.0,Sunny,,2022101464.0,Rayures,2,3,416(+8),2,1:34.0,2.8,55,2F,J.Shimada,FUKUSHIMA,TURF,Gd,https://db.netkeiba.com/race/202405050608/
202405050608,2024-11-17,1600.0,Sunny,,2022104988.0,Ronde Bosse,3,4,448(0),1,1:34.2,2.4,55,2F,T.Yokoyama,FUKUSHIMA,TURF,Gd,https://db.netkeiba.com/race/202405050608/
202405050608,2024-11-17,1600.0,Sunny,,2022104687.0,Lovable,4,2,492(+4),4,1:34.6,7.7,55,2F,T.Marquand,FUKUSHIMA,TURF,Gd,https://db.netkeiba.com/race/202405050608/
202405050608,2024-11-17,1600.0,Sunny,,2022106803.0,Mirada Caliente,5,7,474(+4),5,1:34.6,9.4,55,2F,Y.Ishikawa,FUKUSHIMA,TURF,Gd,https://db.netkeiba.com/race/202405050608/
202405050608,2024-11-17,1600.0,Sunny,,2022103316.0,Kitano Kunikara,6,6,388(-2),6,1:35.1,22.0,55,2F,K.Maruta,FUKUSHIMA,TURF,Gd,https://db.netkeiba.com/race/202405050608/
202405050608,2024-11-17,1600.0,Sunny,,2022100286.0,Futaiten Wheel,7,1,422(0),7,1:36.3,136.6,55,2F,M.Matsuoka,FUKUSHIMA,TURF,Gd,https://db.netkeiba.com/race/202405050608/
202405050608,2024-11-17,1600.0,Sunny,,,Horse,FP,PP,Horse Wgt.(kg),Fav,FT,Odds,Wgt.(kg),A&S,Jockey,FUKUSHIMA,TURF,Gd,https://db.netkeiba.com/race/202405050608/
202405050808,2024-11-24,1600.0,Sunny,,2022104933.0,Dianasaal,1,9,474(-4),1,1:33.4,2.8,56,2C,C.Demuro,TOKYO,TURF,Gd,https://db.netkeiba.com/race/202405050808/
202405050808,2024-11-24,1600.0,Sunny,,2022100874.0,Allmeru Vento,10,10,446(+9),10,1:36.0,251.2,56,2C,M.Michel,TOKYO,TURF,Gd,https://db.netkeiba.com/race/202405050808/
202405050808,2024-11-24,1600.0,Sunny,,2022110114.0,Shin Forever,2,2,494(0),4,1:33.5,7.3,56,2C,K.Tosaki,TOKYO,TURF,Gd,https://db.netkeiba.com/race/202405050808/
202405050808,2024-11-24,1600.0,Sunny,,2022104596.0,Ghardaia,3,6,470(+2),2,1:33.6,3.7,56,2C,R.Moore,TOKYO,TURF,Gd,https://db.netkeiba.com/race/202405050808/
202405050808,2024-11-24,1600.0,Sunny,,2022105141.0,Reve Brilliant,4,5,446(-2),3,1:33.8,3.9,56,2C,C.Lemaire,TOKYO,TURF,Gd,https://db.netkeiba.com/race/202405050808/
202405050808,2024-11-24,1600.0,Sunny,,2022104939.0,Winter Bell,5,1,480(+4),6,1:33.9,18.4,56,2C,W.Buick,TOKYO,TURF,Gd,https://db.netkeiba.com/race/202405050808/
202405050808,2024-11-24,1600.0,Sunny,,2022102821.0,Lord Liberacion,6,7,490(+6),5,1:34.2,9.8,56,2C,C.Soumillon,TOKYO,TURF,Gd,https://db.netkeiba.com/race/202405050808/
202405050808,2024-11-24,1600.0,Sunny,,2022104694.0,Burgtor,7,4,488(+6),7,1:34.2,22.7,56,2C,K.Sameshima,TOKYO,TURF,Gd,https://db.netkeiba.com/race/202405050808/
202405050808,2024-11-24,1600.0,Sunny,,2022102709.0,Nishino Lua Nova,8,8,482(+12),9,1:35.1,79.9,56,2C,H.Tanabe,TOKYO,TURF,Gd,https://db.netkeiba.com/race/202405050808/
202405050808,2024-11-24,1600.0,Sunny,,2022104179.0,Twin Peaks,9,3,474(-4),8,1:35.8,42.4,55,2F,A.Sugawara,TOKYO,TURF,Gd,https://db.netkeiba.com/race/202405050808/
202405050808,2024-11-24,1600.0,Sunny,,,Horse,FP,PP,Horse Wgt.(kg),Fav,FT,Odds,Wgt.(kg),A&S,Jockey,TOKYO,TURF,Gd,https://db.netkeiba.com/race/202405050808/
202408070109,2024-11-30,1200.0,Sunny,,2022103947.0,Lux Reserva,1,5,500(-6),5,1:09.1,9.5,56,2G,T.Danno,NAKAYAMA,TURF,Gd,https://db.netkeiba.com/race/202408070109/
202408070109,2024-11-30,1200.0,Sunny,,2022101623.0,Abu Qir Bay,2,1,416(+6),4,1:09.4,7.2,55,2F,M.Iwata,NAKAYAMA,TURF,Gd,https://db.netkeiba.com/race/202408070109/
202408070109,2024-11-30,1200.0,Sunny,,2022110012.0,Magical Shine,3,3,486(-6),1,1:09.4,2.8,55,2F,Y.Take,NAKAYAMA,TURF,Gd,https://db.netkeiba.com/race/202408070109/
202408070109,2024-11-30,1200.0,Sunny,,2022104960.0,Karpuz Pelus,4,7,456(-8),3,1:09.5,3.8,55,2F,H.Miyuki,NAKAYAMA,TURF,Gd,https://db.netkeiba.com/race/202408070109/
202408070109,2024-11-30,1200.0,Sunny,,2022104698.0,Blue Sunset,5,6,444(-2),2,1:09.5,3.6,55,2F,C.Demuro,NAKAYAMA,TURF,Gd,https://db.netkeiba.com/race/202408070109/
202408070109,2024-11-30,1200.0,Sunny,,2022101048.0,Shonan Raffine,6,9,394(+2),7,1:10.0,59.3,55,2F,K.Taguchi,NAKAYAMA,TURF,Gd,https://db.netkeiba.com/race/202408070109/
202408070109,2024-11-30,1200.0,Sunny,,2022100837.0,Hideno Blue Sky,7,4,424(+4),8,1:10.3,101.1,56,2C,Y.Furukawa,NAKAYAMA,TURF,Gd,https://db.netkeiba.com/race/202408070109/
202408070109,2024-11-30,1200.0,Sunny,,2022105212.0,Ecoro Heart,8,8,424(+4),6,1:10.4,10.1,55,2F,K.Matsuyama,NAKAYAMA,TURF,Gd,https://db.netkeiba.com/race/202408070109/
202408070109,2024-11-30,1200.0,Sunny,,2022100982.0,Canal d'Oro,9,2,462(-10),9,1:10.8,300.7,56,2C,T.Yoshimura,NAKAYAMA,TURF,Gd,https://db.netkeiba.com/race/202408070109/
202408070109,2024-11-30,1200.0,Sunny,,,Horse,FP,PP,Horse Wgt.(kg),Fav,FT,Odds,Wgt.(kg),A&S,Jockey,NAKAYAMA,TURF,Gd,https://db.netkeiba.com/race/202408070109/
202407040209,2024-12-01,1600.0,Sunny,,2022104896.0,Kalamatianos,1,4,462(+4),2,1:35.1,4.5,56,2C,Y.Kawada,NAKAYAMA,TURF,Gd,https://db.netkeiba.com/race/202407040209/
202407040209,2024-12-01,1600.0,Sunny,,2022104734.0,Worth,2,2,492(+4),4,1:35.1,5.5,56,2C,K.Matsuyama,NAKAYAMA,TURF,Gd,https://db.netkeiba.com/race/202407040209/
202407040209,2024-12-01,1600.0,Sunny,,2022105431.0,Navel Orange,3,1,464(+8),6,1:35.5,13.2,55,2F,R.Sakai,NAKAYAMA,TURF,Gd,https://db.netkeiba.com/race/202407040209/
202407040209,2024-12-01,1600.0,Sunny,,2022104942.0,Silver Rain,4,5,470(-2),1,1:35.6,2.2,56,2C,C.Lemaire,NAKAYAMA,TURF,Gd,https://db.netkeiba.com/race/202407040209/
202407040209,2024-12-01,1600.0,Sunny,,2022101562.0,Daishin Ra,5,3,504(0),5,1:35.7,7.8,56,2C,M.Iwata,NAKAYAMA,TURF,Gd,https://db.netkeiba.com/race/202407040209/
202407040209,2024-12-01,1600.0,Sunny,,2022102148.0,Sound Bach,6,6,488(+10),7,1:36.6,138.2,56,2C,H.Kitamura,NAKAYAMA,TURF,Gd,https://db.netkeiba.com/race/202407040209/
202407040209,2024-12-01,1600.0,Sunny,,2022105027.0,Prokleia,7,7,454(-8),3,1:36.6,4.9,55,2F,C.Demuro,NAKAYAMA,TURF,Gd,https://db.netkeiba.com/race/202407040209/
202407040209,2024-12-01,1600.0,Sunny,,,Horse,FP,PP,Horse Wgt.(kg),Fav,FT,Odds,Wgt.(kg),A&S,Jockey,NAKAYAMA,TURF,Gd,https://db.netkeiba.com/race/202407040209/
202406050309,2024-12-07,1200.0,Sunny,,2022101443.0,South Bank,1,7,490(-8),5,1:07.7,9.0,55,2F,H.Kitamura,NAKAYAMA,TURF,Gd,https://db.netkeiba.com/race/202406050309/
202406050309,2024-12-07,1200.0,Sunny,,2022102621.0,Rikea Con Panna,10,9,462(-2),10,1:09.0,219.1,56,2C,K.Kikuzawa,NAKAYAMA,TURF,Gd,https://db.netkeiba.com/race/202406050309/
202406050309,2024-12-07,1200.0,Sunny,,2022106677.0,Kaga Babel,11,10,524(+10),8,1:09.3,89.2,56,2C,Y.Ishikawa,NAKAYAMA,TURF,Gd,https://db.netkeiba.com/race/202406050309/
202406050309,2024-12-07,1200.0,Sunny,,2022106190.0,Rhein Pasion,12,1,398(-2),9,1:09.3,218.9,55,2F,A.Tsumura,NAKAYAMA,TURF,Gd,https://db.netkeiba.com/race/202406050309/
202406050309,2024-12-07,1200.0,Sunny,,2022106051.0,Fabienne,13,3,432(-5),12,1:09.5,293.9,55,2F,M.Michel,NAKAYAMA,TURF,Gd,https://db.netkeiba.com/race/202406050309/
202406050309,2024-12-07,1200.0,Sunny,,2022103146.0,Kanshin,2,5,466(+4),2,1:07.8,3.8,56,2C,T.Marquand,NAKAYAMA,TURF,Gd,https://db.netkeiba.com/race/202406050309/
202406050309,2024-12-07,1200.0,Sunny,,2022106912.0,Virgil,3,13,454(0),3,1:07.8,4.0,56,2C,K.Yokoyama,NAKAYAMA,TURF,Gd,https://db.netkeiba.com/race/202406050309/
202406050309,2024-12-07,1200.0,Sunny,,2022102794.0,Maximum Drive,4,8,524(-2),7,1:07.9,24.7,56,2C,T.Hattori,NAKAYAMA,TURF,Gd,https://db.netkeiba.com/race/202406050309/
202406050309,2024-12-07,1200.0,Sunny,,2022103066.0,Rapier,5,11,484(0),1,1:07.9,3.0,56,2C,K.Tosaki,NAKAYAMA,TURF,Gd,https://db.netkeiba.com/race/202406050309/
202406050309,2024-12-07,1200.0,Sunny,,2022100737.0,Seiun Big Bang,6,4,436(+2),4,1:08.4,8.1,56,2C,A.Sugawara,NAKAYAMA,TURF,Gd,https://db.netkeiba.com/race/202406050309/
202406050309,2024-12-07,1200.0,Sunny,,2022103478.0,Arion Smile,7,2,442(-8),13,1:08.5,369.1,56,2C,T.Kowata,NAKAYAMA,TURF,Gd,https://db.netkeiba.com/race/202406050309/
202406050309,2024-12-07,1200.0,Sunny,,2022106999.0,Nishinocoupdecoeur,8,6,444(+6),6,1:08.9,9.0,55,2F,M.Muto,NAKAYAMA,TURF,Gd,https://db.netkeiba.com/race/202406050309/
202406050309,2024-12-07,1200.0,Sunny,,2022104533.0,Cheongug,9,12,468(0),11,1:08.9,277.1,56,2C,S.Kobayashi,NAKAYAMA,TURF,Gd,https://db.netkeiba.com/race/202406050309/
202406050309,2024-12-07,1200.0,Sunny,,,Horse,FP,PP,Horse Wgt.(kg),Fav,FT,Odds,Wgt.(kg),A&S,Jockey,NAKAYAMA,TURF,Gd,https://db.netkeiba.com/race/202406050309/
202407040309,2024-12-07,1400.0,Cloudy,,2022102434.0,Rouge Lanakila,1,9,466(0),7,1:21.9,13.6,55,2F,Y.Iwata,NAKAYAMA,TURF,Gd,https://db.netkeiba.com/race/202407040309/
202407040309,2024-12-07,1400.0,Cloudy,,2022104900.0,Kuroyuki,10,6,422(-10),6,1:23.5,12.4,55,2F,R.Takasugi,NAKAYAMA,TURF,Gd,https://db.netkeiba.com/race/202407040309/
202407040309,2024-12-07,1400.0,Cloudy,,2022106637.0,Lavendel,11,10,424(+2),10,1:23.8,37.8,55,2F,M.Iwata,NAKAYAMA,TURF,Gd,https://db.netkeiba.com/race/202407040309/
202407040309,2024-12-07,1400.0,Cloudy,,2022101202.0,Sun Niagara,12,8,480(-8),12,1:23.9,43.4,55,2F,H.Matsumoto,NAKAYAMA,TURF,Gd,https://db.netkeiba.com/race/202407040309/
202407040309,2024-12-07,1400.0,Cloudy,,2022102887.0,Namura Clara,2,4,472(-6),2,1:21.9,3.8,55,2F,A.Nishimura,NAKAYAMA,TURF,Gd,https://db.netkeiba.com/race/202407040309/
202407040309,2024-12-07,1400.0,Cloudy,,2022101765.0,Piko Rose,3,2,434(0),5,1:22.1,11.9,55,2F,H.Tanabe,NAKAYAMA,TURF,Gd,https://db.netkeiba.com/race/202407040309/
202407040309,2024-12-07,1400.0,Cloudy,,2022104885.0,Theresa,4,1,424(-4),1,1:22.1,2.9,55,2F,K.Matsuyama,NAKAYAMA,TURF,Gd,https://db.netkeiba.com/race/202407040309/
202407040309,2024-12-07,1400.0,Cloudy,,2022104748.0,Will Survive,5,12,430(-6),8,1:22.2,16.8,55,2F,T.Danno,NAKAYAMA,TURF,Gd,https://db.netkeiba.com/race/202407040309/
202407040309,2024-12-07,1400.0,Cloudy,,2022101906.0,Kyoei Bonita,6,11,444(-2),9,1:22.4,17.4,55,2F,M.Sakai,NAKAYAMA,TURF,Gd,https://db.netkeiba.com/race/202407040309/
202407040309,2024-12-07,1400.0,Cloudy,,2022100403.0,Water Gerbera,7,3,446(0),3,1:22.6,7.8,55,2F,K.Nishizuka,NAKAYAMA,TURF,Gd,https://db.netkeiba.com/race/202407040309/
202407040309,2024-12-07,1400.0,Cloudy,,2022110077.0,Irifi,8,5,418(-6),4,1:22.9,10.4,55,2F,K.Sameshima,NAKAYAMA,TURF,Gd,https://db.netkeiba.com/race/202407040309/
202407040309,2024-12-07,1400.0,Cloudy,,2022101557.0,Aster Ruhuna,9,7,440(0),11,1:23.3,42.9,55,2F,Y.Shibata,NAKAYAMA,TURF,Gd,https://db.netkeiba.com/race/202407040309/
202407040309,2024-12-07,1400.0,Cloudy,,,Horse,FP,PP,Horse Wgt.(kg),Fav,FT,Odds,Wgt.(kg),A&S,Jockey,NAKAYAMA,TURF,Gd,https://db.netkeiba.com/race/202407040309/
202406050509,2024-12-14,1600.0,Sunny,,2022105143.0,Denkmal,1,3,548(+4),1,1:32.4,1.4,56,2C,C.Lemaire,NAKAYAMA,TURF,Gd,https://db.netkeiba.com/race/202406050509/
202406050509,2024-12-14,1600.0,Sunny,,2022105415.0,Sword Master,10,11,464(+4),6,1:33.9,20.0,56,2C,T.Yokoyama,NAKAYAMA,TURF,Gd,https://db.netkeiba.com/race/202406050509/
202406050509,2024-12-14,1600.0,Sunny,,2022101848.0,Night Dancer,11,9,452(+2),12,1:34.4,272.7,56,2C,T.Ono,NAKAYAMA,TURF,Gd,https://db.netkeiba.com/race/202406050509/
202406050509,2024-12-14,1600.0,Sunny,,2022104097.0,Atarashii Kadodeni,12,13,498(+7),13,1:34.7,386.4,56,2C,Y.Hara,NAKAYAMA,TURF,Gd,https://db.netkeiba.com/race/202406050509/
202406050509,2024-12-14,1600.0,Sunny,,2022103416.0,Seul et Patriote,13,1,404(+4),10,1:35.6,265.3,56,2C,R.Yokoyama,NAKAYAMA,TURF,Gd,https://db.netkeiba.com/race/202406050509/
202406050509,2024-12-14,1600.0,Sunny,,2022104697.0,Immigrant Song,2,10,490(+10),2,1:32.5,4.3,56,2C,T.Marquand,NAKAYAMA,TURF,Gd,https://db.netkeiba.com/race/202406050509/
202406050509,2024-12-14,1600.0,Sunny,,2022101388.0,Best Scene,3,5,464(0),4,1:32.8,15.4,56,2C,K.Tosaki,NAKAYAMA,TURF,Gd,https://db.netkeiba.com/race/202406050509/
202406050509,2024-12-14,1600.0,Sunny,,2022105246.0,Tiratore,4,8,486(+2),3,1:33.0,12.9,55,2F,T.Kowata,NAKAYAMA,TURF,Gd,https://db.netkeiba.com/race/202406050509/
202406050509,2024-12-14,1600.0,Sunny,,2022102821.0,Lord Liberacion,5,6,494(+4),7,1:33.3,23.3,56,2C,D.Sasaki,NAKAYAMA,TURF,Gd,https://db.netkeiba.com/race/202406050509/
202406050509,2024-12-14,1600.0,Sunny,,2022105190.0,Blooming Rose,6,2,448(-8),8,1:33.5,33.8,55,2F,C.Demuro,NAKAYAMA,TURF,Gd,https://db.netkeiba.com/race/202406050509/
202406050509,2024-12-14,1600.0,Sunny,,2022105162.0,Rouge Nourish,7,4,452(-2),5,1:33.7,17.8,55,2F,K.Yokoyama,NAKAYAMA,TURF,Gd,https://db.netkeiba.com/race/202406050509/
202406050509,2024-12-14,1600.0,Sunny,,2022100757.0,Inoki,8,7,484(+4),9,1:33.9,65.4,56,2C,Y.Tannai,NAKAYAMA,TURF,Gd,https://db.netkeiba.com/race/202406050509/
202406050509,2024-12-14,1600.0,Sunny,,2022106772.0,Vaselina,9,12,454(+16),11,1:33.9,266.3,56,2C,Y.Nonaka,NAKAYAMA,TURF,Gd,https://db.netkeiba.com/race/202406050509/
202406050509,2024-12-14,1600.0,Sunny,,,Horse,FP,PP,Horse Wgt.(kg),Fav,FT,Odds,Wgt.(kg),A&S,Jockey,NAKAYAMA,TURF,Gd,https://db.netkeiba.com/race/202406050509/
202408070709,2024-12-21,1400.0,Cloudy,,2022103525.0,Laila,1,5,464(+6),7,1:21.7,23.5,55,2F,H.Miyuki,NAKAYAMA,TURF,Gd,https://db.netkeiba.com/race/202408070709/
202408070709,2024-12-21,1400.0,Cloudy,,2022105407.0,Sunny Salsa,10,10,460(0),11,1:23.1,129.8,55,2F,M.Nagashima,NAKAYAMA,TURF,Gd,https://db.netkeiba.com/race/202408070709/
202408070709,2024-12-21,1400.0,Cloudy,,2022105951.0,Maple Gin,11,2,424(+4),12,1:23.3,430.7,56,2C,T.Watanabe,NAKAYAMA,TURF,Gd,https://db.netkeiba.com/race/202408070709/
202408070709,2024-12-21,1400.0,Cloudy,,2022104870.0,Fukushima Koyo,12,9,430(0),8,1:23.4,47.9,55,2F,H.Yoshida,NAKAYAMA,TURF,Gd,https://db.netkeiba.com/race/202408070709/
202408070709,2024-12-21,1400.0,Cloudy,,2022103051.0,Yankee Barows,2,11,476(+4),1,1:22.0,1.6,56,2C,C.Lemaire,NAKAYAMA,TURF,Gd,https://db.netkeiba.com/race/202408070709/
202408070709,2024-12-21,1400.0,Cloudy,,2022110056.0,Food Man,3,1,466(0),3,1:22.0,7.2,56,2C,K.Matsuyama,NAKAYAMA,TURF,Gd,https://db.netkeiba.com/race/202408070709/
202408070709,2024-12-21,1400.0,Cloudy,,2022106389.0,Bel Be Stallone,4,6,490(0),4,1:22.0,11.0,55,2F,A.Nishimura,NAKAYAMA,TURF,Gd,https://db.netkeiba.com/race/202408070709/
202408070709,2024-12-21,1400.0,Cloudy,,2022100018.0,Pod Donner,5,8,470(0),9,1:22.3,50.1,56,2C,S.Yoshimura,NAKAYAMA,TURF,Gd,https://db.netkeiba.com/race/202408070709/
202408070709,2024-12-21,1400.0,Cloudy,,2022100654.0,Selvans,6,7,436(+8),10,1:22.5,71.4,56,2C,M.Iwata,NAKAYAMA,TURF,Gd,https://db.netkeiba.com/race/202408070709/
202408070709,2024-12-21,1400.0,Cloudy,,2022106796.0,Lemon Balm,7,4,452(-2),5,1:22.5,13.9,55,2F,C.Demuro,NAKAYAMA,TURF,Gd,https://db.netkeiba.com/race/202408070709/
202408070709,2024-12-21,1400.0,Cloudy,,2022101686.0,Imbroglio,8,3,478(-6),2,1:22.6,5.8,55,2F,M.Demuro,NAKAYAMA,TURF,Gd,https://db.netkeiba.com/race/202408070709/
202408070709,2024-12-21,1400.0,Cloudy,,2022102993.0,Hiraboku Carrera,9,12,468(-10),6,1:22.6,14.1,56,2C,R.Moore,NAKAYAMA,TURF,Gd,https://db.netkeiba.com/race/202408070709/
202408070709,2024-12-21,1400.0,Cloudy,,,Horse,FP,PP,Horse Wgt.(kg),Fav,FT,Odds,Wgt.(kg),A&S,Jockey,NAKAYAMA,TURF,Gd,https://db.netkeiba.com/race/202408070709/
