race_id,date,distance,weather,num_horses,horse_id,horse_name,FP,odds,time,last3f,weight,PP,sex_age,jockey,popularity,horse_weight,venue,surface_type,track_condition,url_jp
202403010309,2024-04-13,1200.0,Snow,16,2021102914,Mozu to Kiki,1,6.7,1:08.5,34.6,55,5,3F,N.Furukawa,3,538(+2),FUKUSHIMA,TURF,Gd,https://db.netkeiba.com/race/202403010309/
202403010309,2024-04-13,1200.0,Snow,16,2021105358,Asti Spumante,2,5.3,1:08.9,34.7,55,7,3F,H.Kameda,2,410(-4),FUKUSHIMA,TURF,Gd,https://db.netkeiba.com/race/202403010309/
202403010309,2024-04-13,1200.0,Snow,16,2021100594,Amber Needle,3,7.1,1:09.2,35.1,57,8,3C,H.Yoshida,4,476(-4),FUKUSHIMA,TURF,Gd,https://db.netkeiba.com/race/202403010309/
202403010309,2024-04-13,1200.0,Snow,16,2021100338,Tessera Lien,4,8.3,1:09.4,35.0,55,6,3F,S.Ishibashi,5,436(-2),FUKUSHIMA,TURF,Gd,https://db.netkeiba.com/race/202403010309/
202403010309,2024-04-13,1200.0,Snow,16,2021106854,Happier Than Ever,5,24.4,1:09.4,34.4,57,2,3C,K.Kokubun,11,432(-2),FUKUSHIMA,TURF,Gd,https://db.netkeiba.com/race/202403010309/
202403010309,2024-04-13,1200.0,Snow,16,2021102952,Obey Your Master,6,4.4,1:09.5,35.0,57,13,3C,A.Tomita,1,456(+6),FUKUSHIMA,TURF,Gd,https://db.netkeiba.com/race/202403010309/
202403010309,2024-04-13,1200.0,Snow,16,2021102433,Art Form,7,14.8,1:09.6,34.7,55,11,3F,A.Saito,8,444(+4),FUKUSHIMA,TURF,Gd,https://db.netkeiba.com/race/202403010309/
202403010309,2024-04-13,1200.0,Snow,16,2021105057,On the Venus,8,12.8,1:09.7,35.2,55,12,3F,Y.Tannai,7,420(-6),FUKUSHIMA,TURF,Gd,https://db.netkeiba.com/race/202403010309/
202403010309,2024-04-13,1200.0,Snow,16,2021102388,Kaiko,9,48.0,1:09.8,34.7,57,14,3G,M.Muto,13,440(-6),FUKUSHIMA,TURF,Gd,https://db.netkeiba.com/race/202403010309/
202403010309,2024-04-13,1200.0,Snow,16,2021100243,Seiun Tida,10,10.7,1:09.9,35.5,55,10,3F,T.Nagano,6,418(-6),FUKUSHIMA,TURF,Gd,https://db.netkeiba.com/race/202403010309/
202403010309,2024-04-13,1200.0,Snow,16,2021101223,Queen's Hat,11,23.6,1:10.0,34.4,55,3,3F,G.Maruyama,10,468(+6),FUKUSHIMA,TURF,Gd,https://db.netkeiba.com/race/202403010309/
202403010309,2024-04-13,1200.0,Snow,16,2021103552,Isla Azul,12,41.5,1:10.2,36.0,57,9,3C,M.Kobayashi,12,466(0),FUKUSHIMA,TURF,Gd,https://db.netkeiba.com/race/202403010309/
202403010309,2024-04-13,1200.0,Snow,16,2021100060,Leo Empress,13,126.7,1:10.3,35.3,55,15,3F,K.Ogino,14,484(+6),FUKUSHIMA,TURF,Gd,https://db.netkeiba.com/race/202403010309/
202403010309,2024-04-13,1200.0,Snow,16,2021105894,Realiser un Reve,14,20.9,1:10.6,36.1,55,1,3F,D.Sasaki,9,418(-8),FUKUSHIMA,TURF,Gd,https://db.netkeiba.com/race/202403010309/
202403010309,2024-04-13,1200.0,Snow,16,2021103695,Because We Can,15,292.1,1:10.9,35.6,57,16,3C,R.Oikawa,16,418(-5),FUKUSHIMA,TURF,Gd,https://db.netkeiba.com/race/202403010309/
202403010309,2024-04-13,1200.0,Snow,16,2021100121,The Blues,16,140.0,1:11.3,36.5,55,4,3F,Y.Suzuki,15,414(0),FUKUSHIMA,TURF,Gd,https://db.netkeiba.com/race/202403010309/
202404010309,2024-05-04,1200.0,Sunny,16,2021110049,Awaking,1,3.2,1:09.1,34.5,57,8,3C,Y.Hishida,1,492(-4),NIIGATA,TURF,Gd,https://db.netkeiba.com/race/202404010309/
202404010309,2024-05-04,1200.0,Sunny,16,2021103039,Going My Way,2,34.3,1:09.6,34.8,57,9,3C,K.Kikuzawa,11,470(+4),NIIGATA,TURF,Gd,https://db.netkeiba.com/race/202404010309/
202404010309,2024-05-04,1200.0,Sunny,16,2021104401,Vesalius,3,10.0,1:09.9,35.7,57,10,3C,Y.Tannai,4,476(0),NIIGATA,TURF,Gd,https://db.netkeiba.com/race/202404010309/
202404010309,2024-05-04,1200.0,Sunny,16,2021104481,Beer for Now,4,37.5,1:10.0,35.2,55,16,3F,R.Yokoyama,13,432(0),NIIGATA,TURF,Gd,https://db.netkeiba.com/race/202404010309/
202404010309,2024-05-04,1200.0,Sunny,16,2021100152,Best of You,5,20.1,1:10.2,35.3,57,7,3C,D.Sasaki,7,422(-2),NIIGATA,TURF,Gd,https://db.netkeiba.com/race/202404010309/
202404010309,2024-05-04,1200.0,Sunny,16,2021100243,Seiun Tida,6,67.5,1:10.7,36.2,55,1,3F,A.Saito,14,418(0),NIIGATA,TURF,Gd,https://db.netkeiba.com/race/202404010309/
202404010309,2024-05-04,1200.0,Sunny,16,2021110153,Generale,7,32.7,1:10.8,37.1,57,14,3C,K.Nishizuka,10,486(+4),NIIGATA,TURF,Gd,https://db.netkeiba.com/race/202404010309/
202404010309,2024-05-04,1200.0,Sunny,16,2021102670,Isa Chil Seaside,9,4.9,1:11.0,37.3,57,3,3C,K.Yokoyama,3,478(+2),NIIGATA,TURF,Gd,https://db.netkeiba.com/race/202404010309/
202404010309,2024-05-04,1200.0,Sunny,16,2021104140,Grace Rouge,10,31.2,1:11.1,36.8,55,13,3F,Y.Tsunoda,9,430(+24),NIIGATA,TURF,Gd,https://db.netkeiba.com/race/202404010309/
202404010309,2024-05-04,1200.0,Sunny,16,2021101905,Kyoei Cancer,11,95.9,1:11.5,36.6,57,5,3C,M.Sugihara,15,458(-4),NIIGATA,TURF,Gd,https://db.netkeiba.com/race/202404010309/
202404010309,2024-05-04,1200.0,Sunny,16,2021104074,Love Diva,12,24.4,1:11.9,36.7,55,4,3F,H.Kameda,8,454(+8),NIIGATA,TURF,Gd,https://db.netkeiba.com/race/202404010309/
202404010309,2024-05-04,1200.0,Sunny,16,2021105068,Kurino Hallelujah,13,14.2,1:11.9,38.3,55,15,3F,A.Tomita,5,462(0),NIIGATA,TURF,Gd,https://db.netkeiba.com/race/202404010309/
202404010309,2024-05-04,1200.0,Sunny,16,2021101730,Piko San,14,34.3,1:12.4,38.0,57,6,3C,S.Ishibashi,12,472(+14),NIIGATA,TURF,Gd,https://db.netkeiba.com/race/202404010309/
202404010309,2024-05-04,1200.0,Sunny,16,2021101386,Call Me Maybe,15,422.4,1:12.6,36.8,55,11,3F,M.Okabe,16,418(-11),NIIGATA,TURF,Gd,https://db.netkeiba.com/race/202404010309/
202404010309,2024-05-04,1200.0,Sunny,16,2021104404,Chou Cream,16,18.0,1:12.9,39.6,55,2,3F,M.Muto,6,426(0),NIIGATA,TURF,Gd,https://db.netkeiba.com/race/202404010309/
202404010509,2024-05-11,1000.0,Sunny,12,2021100610,Asagiri,1,4.2,0:55.6,33.0,55,12,3F,Y.Tannai,3,436(-8),NIIGATA,TURF,Gd,https://db.netkeiba.com/race/202404010509/
202404010509,2024-05-11,1000.0,Sunny,12,2021105373,Place Dauphine,2,2.9,0:55.7,32.9,55,10,3F,K.Kikuzawa,1,488(+6),NIIGATA,TURF,Gd,https://db.netkeiba.com/race/202404010509/
202404010509,2024-05-11,1000.0,Sunny,12,2021100782,Dona Venus,3,8.8,0:55.9,33.8,55,8,3F,M.Nagashima,4,450(-8),NIIGATA,TURF,Gd,https://db.netkeiba.com/race/202404010509/
202404010509,2024-05-11,1000.0,Sunny,12,2021106994,Nishino Lumillion,4,20.4,0:56.1,33.7,57,11,3C,M.Muto,7,476(+4),NIIGATA,TURF,Gd,https://db.netkeiba.com/race/202404010509/
202404010509,2024-05-11,1000.0,Sunny,12,2021104896,Asi se Baila,5,28.1,0:56.2,33.0,55,6,3F,Y.Iwata,8,492(+10),NIIGATA,TURF,Gd,https://db.netkeiba.com/race/202404010509/
202404010509,2024-05-11,1000.0,Sunny,12,2021100792,Scorpion,6,41.3,0:56.2,34.0,57,5,3C,G.Maruyama,9,460(0),NIIGATA,TURF,Gd,https://db.netkeiba.com/race/202404010509/
202404010509,2024-05-11,1000.0,Sunny,12,2021103338,Naeil Na,7,3.4,0:56.5,33.9,57,9,3C,M.Sugihara,2,456(0),NIIGATA,TURF,Gd,https://db.netkeiba.com/race/202404010509/
202404010509,2024-05-11,1000.0,Sunny,12,2021102054,Lux Paradis,8,18.0,0:56.6,33.9,55,1,3F,S.Ishibashi,6,404(-2),NIIGATA,TURF,Gd,https://db.netkeiba.com/race/202404010509/
202404010509,2024-05-11,1000.0,Sunny,12,2021103695,Because We Can,9,473.5,0:56.8,33.7,57,2,3C,K.Kato,12,414(-4),NIIGATA,TURF,Gd,https://db.netkeiba.com/race/202404010509/
202404010509,2024-05-11,1000.0,Sunny,12,2021103710,Hermes,10,11.6,0:57.3,34.9,57,7,3C,R.Kobayashi,5,480(0),NIIGATA,TURF,Gd,https://db.netkeiba.com/race/202404010509/
202404010509,2024-05-11,1000.0,Sunny,12,2021104050,Nishino Ojo,11,56.7,0:58.1,35.7,55,4,3F,M.Kobayashi,10,448(+8),NIIGATA,TURF,Gd,https://db.netkeiba.com/race/202404010509/
202404010509,2024-05-11,1000.0,Sunny,12,2021107336,Kurino Soleil,12,447.4,0:58.1,35.4,55,3,3F,R.Sugahara,11,408(-6),NIIGATA,TURF,Gd,https://db.netkeiba.com/race/202404010509/
202405010309,2024-02-03,1400.0,Sunny,8,2021103559,Omega Wink,1,3.7,1:21.1,33.5,55,7,3F,T.Yokoyama,2,470(-4),TOKYO,TURF,Gd,https://db.netkeiba.com/race/202405010309/
202405010309,2024-02-03,1400.0,Sunny,8,2021106615,Can See Angel,3,30.3,1:21.5,33.4,55,3,3F,A.Sugawara,6,454(-2),TOKYO,TURF,Gd,https://db.netkeiba.com/race/202405010309/
202405010309,2024-02-03,1400.0,Sunny,8,2021105974,Barone,5,9.0,1:21.5,33.5,55,1,3F,C.Lemaire,4,476(+8),TOKYO,TURF,Gd,https://db.netkeiba.com/race/202405010309/
202405010309,2024-02-03,1400.0,Sunny,8,2021105358,Asti Spumante,6,11.8,1:21.6,33.4,55,5,3F,R.King,5,414(-4),TOKYO,TURF,Gd,https://db.netkeiba.com/race/202405010309/
202405010309,2024-02-03,1400.0,Sunny,8,2021100610,Asagiri,7,68.0,1:22.4,33.9,55,8,3F,K.Miura,8,446(-8),TOKYO,TURF,Gd,https://db.netkeiba.com/race/202405010309/
202405010309,2024-02-03,1400.0,Sunny,8,2021101289,Dino Sunrise,8,53.2,1:22.5,34.7,55,6,3F,R.Piechulek,7,448(-2),TOKYO,TURF,Gd,https://db.netkeiba.com/race/202405010309/
202405010507,2024-02-10,1400.0,Sunny,13,2021110160,Sonshi,1,1.7,1:20.9,33.0,57,4,3C,Y.Kawada,1,486(+8),TOKYO,TURF,Gd,https://db.netkeiba.com/race/202405010507/
202405010507,2024-02-10,1400.0,Sunny,13,2021104908,Nicholaus,2,4.9,1:21.4,33.0,57,9,3C,T.Yokoyama,2,448(+14),TOKYO,TURF,Gd,https://db.netkeiba.com/race/202405010507/
202405010507,2024-02-10,1400.0,Sunny,13,2021105609,Spark Richard,3,9.1,1:21.5,34.3,57,12,3C,H.Tanabe,4,482(+12),TOKYO,TURF,Gd,https://db.netkeiba.com/race/202405010507/
202405010507,2024-02-10,1400.0,Sunny,13,2021103535,Shines on You,4,20.0,1:21.8,34.7,57,7,3C,K.Matsuyama,5,448(-4),TOKYO,TURF,Gd,https://db.netkeiba.com/race/202405010507/
202405010507,2024-02-10,1400.0,Sunny,13,2021101023,Eifer Battle,5,43.5,1:22.0,33.4,55,11,3C,N.Fujita,8,444(0),TOKYO,TURF,Gd,https://db.netkeiba.com/race/202405010507/
202405010507,2024-02-10,1400.0,Sunny,13,2021105668,Buster Call,6,5.2,1:22.0,33.6,57,6,3C,C.Lemaire,3,496(+8),TOKYO,TURF,Gd,https://db.netkeiba.com/race/202405010507/
202405010507,2024-02-10,1400.0,Sunny,13,2021100610,Asagiri,7,194.2,1:22.1,34.0,52,5,3F,S.Kobayashi,12,448(+2),TOKYO,TURF,Gd,https://db.netkeiba.com/race/202405010507/
202405010507,2024-02-10,1400.0,Sunny,13,2021102280,David Tesoro,8,53.4,1:22.3,34.2,56,2,3C,Y.Hara,9,470(0),TOKYO,TURF,Gd,https://db.netkeiba.com/race/202405010507/
202405010507,2024-02-10,1400.0,Sunny,13,2021106939,Taisei Festa,9,39.7,1:22.4,33.8,57,10,3C,K.Yokoyama,7,492(+8),TOKYO,TURF,Gd,https://db.netkeiba.com/race/202405010507/
202405010507,2024-02-10,1400.0,Sunny,13,2021102388,Kaiko,10,101.6,1:22.5,33.9,57,13,3G,A.Sugawara,10,448(-4),TOKYO,TURF,Gd,https://db.netkeiba.com/race/202405010507/
202405010507,2024-02-10,1400.0,Sunny,13,2021103695,Because We Can,11,516.3,1:22.5,35.0,57,3,3C,K.Kato,13,422(+2),TOKYO,TURF,Gd,https://db.netkeiba.com/race/202405010507/
202405010507,2024-02-10,1400.0,Sunny,13,2021101189,Pink Venom,12,110.6,1:22.6,35.2,55,1,3F,T.Kowata,11,482(+8),TOKYO,TURF,Gd,https://db.netkeiba.com/race/202405010507/
202405010507,2024-02-10,1400.0,Sunny,13,2021100247,Tiger Dragon,13,39.2,1:22.7,34.6,56,8,3C,T.Nagano,6,448(+16),TOKYO,TURF,Gd,https://db.netkeiba.com/race/202405010507/
202405010805,2024-02-18,1600.0,Sunny,12,2021106069,Pod Theo,1,4.0,1:35.7,33.7,57,10,3C,R.King,3,470(+2),TOKYO,TURF,Gd,https://db.netkeiba.com/race/202405010805/
202405010805,2024-02-18,1600.0,Sunny,12,2021105871,Sonic Line,2,3.6,1:35.8,33.9,57,7,3C,C.Lemaire,2,504(+8),TOKYO,TURF,Gd,https://db.netkeiba.com/race/202405010805/
202405010805,2024-02-18,1600.0,Sunny,12,2021103303,Dreaming Up,3,49.2,1:36.0,33.6,57,4,3C,Y.Yoshida,10,460(+6),TOKYO,TURF,Gd,https://db.netkeiba.com/race/202405010805/
202405010805,2024-02-18,1600.0,Sunny,12,2021106369,Channel Tunnel,4,3.2,1:36.0,33.8,57,5,3C,M.Matsuoka,1,480(-4),TOKYO,TURF,Gd,https://db.netkeiba.com/race/202405010805/
202405010805,2024-02-18,1600.0,Sunny,12,2021105578,Shonan Rapidus,5,5.9,1:36.1,34.2,57,3,3C,K.Tosaki,4,484(-2),TOKYO,TURF,Gd,https://db.netkeiba.com/race/202405010805/
202405010805,2024-02-18,1600.0,Sunny,12,2021102106,Tsurumau Katachi,6,22.6,1:36.2,34.3,57,11,3C,Y.Ishikawa,6,472(-12),TOKYO,TURF,Gd,https://db.netkeiba.com/race/202405010805/
202405010805,2024-02-18,1600.0,Sunny,12,2021106102,Ecoro Raijin,7,10.5,1:36.2,34.4,57,8,3C,A.Sugawara,5,456(-8),TOKYO,TURF,Gd,https://db.netkeiba.com/race/202405010805/
202405010805,2024-02-18,1600.0,Sunny,12,2021104554,Limerick,8,33.5,1:36.4,34.2,57,12,3C,B.Murzabayev,8,464(-6),TOKYO,TURF,Gd,https://db.netkeiba.com/race/202405010805/
202405010805,2024-02-18,1600.0,Sunny,12,2021100152,Best of You,9,45.9,1:36.4,33.9,57,2,3C,H.Tanabe,9,426(+16),TOKYO,TURF,Gd,https://db.netkeiba.com/race/202405010805/
202405010805,2024-02-18,1600.0,Sunny,12,2021104326,Yukino Royal,10,28.3,1:36.5,34.7,57,9,3C,S.Ishibashi,7,444(0),TOKYO,TURF,Gd,https://db.netkeiba.com/race/202405010805/
202405010805,2024-02-18,1600.0,Sunny,12,2021103326,Mysig,11,279.8,1:37.2,34.6,55,1,3F,H.Uchida,12,466(-6),TOKYO,TURF,Gd,https://db.netkeiba.com/race/202405010805/
202405010805,2024-02-18,1600.0,Sunny,12,2021104724,Tosen Kleine,12,163.4,1:37.5,35.8,55,6,3F,K.Yokoyama,11,448(-2),TOKYO,TURF,Gd,https://db.netkeiba.com/race/202405010805/
202405020306,2024-04-27,1600.0,Cloudy,9,2021100171,Danon Kilauea,1,1.5,1:34.1,34.8,57,1,3C,A.Tsumura,1,462(+4),NIIGATA,TURF,Gd,https://db.netkeiba.com/race/202405020306/
202405020306,2024-04-27,1600.0,Cloudy,9,2021104554,Limerick,2,5.1,1:34.1,34.1,57,7,3C,T.O'shea,3,454(-2),NIIGATA,TURF,Gd,https://db.netkeiba.com/race/202405020306/
202405020306,2024-04-27,1600.0,Cloudy,9,2021105773,Jun Tone Fu,3,25.5,1:34.1,34.3,57,3,3C,S.Ishibashi,5,508(0),NIIGATA,TURF,Gd,https://db.netkeiba.com/race/202405020306/
202405020306,2024-04-27,1600.0,Cloudy,9,2021103129,Marine Bunker,4,21.0,1:34.4,34.4,57,4,3C,J.Iwabe,4,486(+8),NIIGATA,TURF,Gd,https://db.netkeiba.com/race/202405020306/
202405020306,2024-04-27,1600.0,Cloudy,9,2021105973,Waino Naomi,5,39.7,1:34.8,34.5,55,2,3F,H.Tanabe,6,440(-10),NIIGATA,TURF,Gd,https://db.netkeiba.com/race/202405020306/
202405020306,2024-04-27,1600.0,Cloudy,9,2021103488,Jeanne Rosa,6,3.3,1:34.8,35.3,55,9,3F,T.Yokoyama,2,448(0),NIIGATA,TURF,Gd,https://db.netkeiba.com/race/202405020306/
202405020306,2024-04-27,1600.0,Cloudy,9,2021107373,Tykky,7,327.7,1:35.2,34.9,55,6,3F,J.Shimada,7,422(+6),NIIGATA,TURF,Gd,https://db.netkeiba.com/race/202405020306/
202405020306,2024-04-27,1600.0,Cloudy,9,2021107156,Klart,8,373.0,1:35.3,34.7,57,5,3C,H.Mayuzumi,9,428(+2),NIIGATA,TURF,Gd,https://db.netkeiba.com/race/202405020306/
202405020306,2024-04-27,1600.0,Cloudy,9,2021101985,Derma Prakrti,9,333.2,1:35.6,34.7,57,8,3C,H.Matoba,8,456(-4),NIIGATA,TURF,Gd,https://db.netkeiba.com/race/202405020306/
202405020506,2024-05-04,1400.0,Sunny,10,2021104908,Nicholaus,1,3.0,1:20.8,33.4,57,1,3C,T.Yokoyama,2,440(+2),NIIGATA,TURF,Gd,https://db.netkeiba.com/race/202405020506/
202405020506,2024-05-04,1400.0,Sunny,10,2021110003,And I Love Her,2,2.0,1:20.9,33.7,55,5,3F,K.Tosaki,1,480(+6),NIIGATA,TURF,Gd,https://db.netkeiba.com/race/202405020506/
202405020506,2024-05-04,1400.0,Sunny,10,2021106298,Morino Red Star,3,6.1,1:21.2,34.3,55,4,3F,A.Tsumura,3,472(+8),NIIGATA,TURF,Gd,https://db.netkeiba.com/race/202405020506/
202405020506,2024-05-04,1400.0,Sunny,10,2021106308,Kaito Gut,4,10.0,1:21.4,33.3,55,11,3F,A.Sugawara,4,464(+4),NIIGATA,TURF,Gd,https://db.netkeiba.com/race/202405020506/
202405020506,2024-05-04,1400.0,Sunny,10,2021103513,L'Hexagone,5,37.0,1:21.4,33.6,55,8,3F,T.O'shea,8,460(+2),NIIGATA,TURF,Gd,https://db.netkeiba.com/race/202405020506/
202405020506,2024-05-04,1400.0,Sunny,10,2021106648,Bene Merenti,6,35.2,1:21.8,33.4,55,10,3F,K.Miura,7,434(-4),NIIGATA,TURF,Gd,https://db.netkeiba.com/race/202405020506/
202405020506,2024-05-04,1400.0,Sunny,10,2021105901,Siegrune,7,14.1,1:22.0,34.6,55,6,3F,Y.Ishikawa,5,466(+12),NIIGATA,TURF,Gd,https://db.netkeiba.com/race/202405020506/
202405020506,2024-05-04,1400.0,Sunny,10,2021105397,Aphelion,8,22.1,1:22.3,33.7,57,7,3C,H.Kitamura,6,476(-4),NIIGATA,TURF,Gd,https://db.netkeiba.com/race/202405020506/
202405020506,2024-05-04,1400.0,Sunny,10,2021100060,Leo Empress,9,446.5,1:22.3,34.3,55,9,3F,K.Ogino,10,478(-6),NIIGATA,TURF,Gd,https://db.netkeiba.com/race/202405020506/
202405020506,2024-05-04,1400.0,Sunny,10,2021102521,Shisocho,10,439.4,1:24.3,35.6,55,2,3F,R.Sugahara,9,446(-10),NIIGATA,TURF,Gd,https://db.netkeiba.com/race/202405020506/
202405020506,2024-05-04,1400.0,Sunny,10,2021101223,Queen's Hat,,,,,55,3,3F,K.Maruta,,,NIIGATA,TURF,Gd,https://db.netkeiba.com/race/202405020506/
202405021005,2024-05-19,1600.0,Cloudy,11,2021105661,Regalo del Cielo,1,1.9,1:34.4,33.8,57,5,3C,C.Lemaire,1,510(-8),NIIGATA,TURF,Gd,https://db.netkeiba.com/race/202405021005/
202405021005,2024-05-19,1600.0,Cloudy,11,2021105831,Gravis,2,10.4,1:34.6,33.6,57,1,3C,R.Sakai,6,502(-6),NIIGATA,TURF,Gd,https://db.netkeiba.com/race/202405021005/
202405021005,2024-05-19,1600.0,Cloudy,11,2021105773,Jun Tone Fu,3,41.3,1:34.7,33.9,57,11,3C,M.Iwata,9,506(-2),NIIGATA,TURF,Gd,https://db.netkeiba.com/race/202405021005/
202405021005,2024-05-19,1600.0,Cloudy,11,2021105141,Pacific High,4,9.3,1:34.8,34.1,55,2,3F,Y.Kawada,5,448(-6),NIIGATA,TURF,Gd,https://db.netkeiba.com/race/202405021005/
202405021005,2024-05-19,1600.0,Cloudy,11,2021103303,Dreaming Up,5,6.1,1:34.9,33.4,57,4,3C,Y.Yoshida,2,460(0),NIIGATA,TURF,Gd,https://db.netkeiba.com/race/202405021005/
202405021005,2024-05-19,1600.0,Cloudy,11,2021102717,Jaguar,6,6.8,1:34.9,33.9,57,6,3C,K.Tosaki,3,452(+10),NIIGATA,TURF,Gd,https://db.netkeiba.com/race/202405021005/
202405021005,2024-05-19,1600.0,Cloudy,11,2021104554,Limerick,7,28.0,1:35.0,33.8,57,3,3C,T.O'shea,7,452(-2),NIIGATA,TURF,Gd,https://db.netkeiba.com/race/202405021005/
202405021005,2024-05-19,1600.0,Cloudy,11,2021105973,Waino Naomi,8,196.1,1:35.2,34.0,55,8,3F,K.Kawamata,11,440(0),NIIGATA,TURF,Gd,https://db.netkeiba.com/race/202405021005/
202405021005,2024-05-19,1600.0,Cloudy,11,2021105555,Trajectoire,9,9.1,1:35.4,33.8,57,10,3C,K.Matsuyama,4,474(+4),NIIGATA,TURF,Gd,https://db.netkeiba.com/race/202405021005/
202405021005,2024-05-19,1600.0,Cloudy,11,2021101015,Supervisor,11,51.1,1:35.5,33.9,54,7,3C,K.Nagahama,10,460(+2),NIIGATA,TURF,Gd,https://db.netkeiba.com/race/202405021005/
202405021107,2024-05-25,1400.0,Sunny,15,2021105888,Steelblue,1,1.7,1:21.0,33.4,55,10,3F,C.Lemaire,1,436(+6),TOKYO,TURF,Gd,https://db.netkeiba.com/race/202405021107/
202405021107,2024-05-25,1400.0,Sunny,15,2021106308,Kaito Gut,2,8.3,1:21.4,33.6,55,6,3F,G.Maruyama,3,460(-4),TOKYO,TURF,Gd,https://db.netkeiba.com/race/202405021107/
202405021107,2024-05-25,1400.0,Sunny,15,2021106298,Morino Red Star,3,10.3,1:21.7,34.0,55,12,3F,A.Tsumura,4,460(-12),TOKYO,TURF,Gd,https://db.netkeiba.com/race/202405021107/
202405021107,2024-05-25,1400.0,Sunny,15,2021103039,Going My Way,4,12.0,1:21.7,33.7,57,2,3C,J.Moreira,5,468(-2),TOKYO,TURF,Gd,https://db.netkeiba.com/race/202405021107/
202405021107,2024-05-25,1400.0,Sunny,15,2021105057,On the Venus,5,135.8,1:21.9,34.4,55,7,3F,M.Sugihara,11,424(+4),TOKYO,TURF,Gd,https://db.netkeiba.com/race/202405021107/
202405021107,2024-05-25,1400.0,Sunny,15,2021100247,Tiger Dragon,6,251.7,1:21.9,33.4,53,13,3C,H.Oehara,12,438(-10),TOKYO,TURF,Gd,https://db.netkeiba.com/race/202405021107/
202405021107,2024-05-25,1400.0,Sunny,15,2021100152,Best of You,7,90.4,1:21.9,34.0,57,11,3C,T.Yokoyama,10,418(-4),TOKYO,TURF,Gd,https://db.netkeiba.com/race/202405021107/
202405021107,2024-05-25,1400.0,Sunny,15,2021101023,Eifer Battle,8,52.8,1:21.9,33.2,55,3,3C,N.Fujita,9,436(-8),TOKYO,TURF,Gd,https://db.netkeiba.com/race/202405021107/
202405021107,2024-05-25,1400.0,Sunny,15,2021105150,Nafarroa,9,4.3,1:22.2,34.0,57,4,3C,K.Tosaki,2,456(-6),TOKYO,TURF,Gd,https://db.netkeiba.com/race/202405021107/
202405021107,2024-05-25,1400.0,Sunny,15,2021100879,Hakusan Eagle,11,20.0,1:22.4,34.2,57,5,3C,T.O'shea,6,466(-4),TOKYO,TURF,Gd,https://db.netkeiba.com/race/202405021107/
202405021107,2024-05-25,1400.0,Sunny,15,2021103347,Bogo Sipda,12,605.6,1:22.5,34.2,52,8,3F,T.Ishida,15,376(+4),TOKYO,TURF,Gd,https://db.netkeiba.com/race/202405021107/
202405021107,2024-05-25,1400.0,Sunny,15,2021103535,Shines on You,13,52.7,1:22.8,35.0,56,14,3C,Y.Hara,8,440(-6),TOKYO,TURF,Gd,https://db.netkeiba.com/race/202405021107/
202405021107,2024-05-25,1400.0,Sunny,15,2021104050,Nishino Ojo,15,293.1,1:24.3,36.3,55,1,3F,Y.Ishikawa,13,446(-2),TOKYO,TURF,Gd,https://db.netkeiba.com/race/202405021107/
202405040606,2024-10-20,1400.0,Sunny,8,2022105317,Meant to Be,1,5.5,1:24.2,33.1,55,7,2F,M.Matsuoka,3,438(0),NIIGATA,TURF,Gd,https://db.netkeiba.com/race/202405040606/
202405040606,2024-10-20,1400.0,Sunny,8,2022105429,Chigiri,2,5.3,1:24.5,33.2,55,6,2F,T.Yokoyama,2,456(+8),NIIGATA,TURF,Gd,https://db.netkeiba.com/race/202405040606/
202405040606,2024-10-20,1400.0,Sunny,8,2022100737,Seiun Big Bang,3,1.3,1:25.1,33.6,56,3,2C,K.Miura,1,434(+2),NIIGATA,TURF,Gd,https://db.netkeiba.com/race/202405040606/
202405040606,2024-10-20,1400.0,Sunny,8,2022100336,Friend Beach,4,36.2,1:25.2,33.7,55,1,2F,Y.Yoshida,5,414(+2),NIIGATA,TURF,Gd,https://db.netkeiba.com/race/202405040606/
202405040606,2024-10-20,1400.0,Sunny,8,2022101983,Miraieno Bouquet,5,8.1,1:25.4,34.0,55,4,2F,D.Shibata,4,446(+16),NIIGATA,TURF,Gd,https://db.netkeiba.com/race/202405040606/
202405040606,2024-10-20,1400.0,Sunny,8,2022103329,Feliz Navidad,6,227.6,1:26.1,34.4,55,5,2F,K.Maruta,7,452(-6),NIIGATA,TURF,Gd,https://db.netkeiba.com/race/202405040606/
202405040606,2024-10-20,1400.0,Sunny,8,2022100286,Futaiten Wheel,7,85.8,1:26.1,34.3,52,8,2F,T.Ishida,6,422(+8),NIIGATA,TURF,Gd,https://db.netkeiba.com/race/202405040606/
202405040606,2024-10-20,1400.0,Sunny,8,2022103041,Camice,8,307.8,1:26.4,34.7,55,2,2F,T.Nishimura,8,394(-4),NIIGATA,TURF,Gd,https://db.netkeiba.com/race/202405040606/
202405050506,2024-11-16,1400.0,Cloudy,10,2022105185,Embroidery,1,1.7,1:22.7,33.1,55,8,2F,C.Lemaire,1,474(-6),FUKUSHIMA,TURF,Gd,https://db.netkeiba.com/race/202405050506/
202405050506,2024-11-16,1400.0,Cloudy,10,2022106603,Moja Leo,3,18.2,1:23.2,33.4,56,9,2C,T.Marquand,5,456(0),FUKUSHIMA,TURF,Gd,https://db.netkeiba.com/race/202405050506/
202405050506,2024-11-16,1400.0,Cloudy,10,2022104771,Star Wave,4,2.9,1:23.5,34.0,56,5,2C,K.Miura,2,482(+8),FUKUSHIMA,TURF,Gd,https://db.netkeiba.com/race/202405050506/
202405050506,2024-11-16,1400.0,Cloudy,10,2022103192,Oirambuchi,5,126.4,1:23.7,34.0,55,4,2F,S.Ishibashi,7,438(-2),FUKUSHIMA,TURF,Gd,https://db.netkeiba.com/race/202405050506/
202405050506,2024-11-16,1400.0,Cloudy,10,2022105429,Chigiri,6,11.8,1:23.8,33.8,55,1,2F,T.Yokoyama,4,460(+4),FUKUSHIMA,TURF,Gd,https://db.netkeiba.com/race/202405050506/
202405050506,2024-11-16,1400.0,Cloudy,10,2022103326,Girl Next Door,7,317.2,1:24.2,33.9,55,3,2F,K.Maruta,10,442(-6),FUKUSHIMA,TURF,Gd,https://db.netkeiba.com/race/202405050506/
202405050506,2024-11-16,1400.0,Cloudy,10,2022104298,Tentomushi Samba,8,310.1,1:24.2,34.1,55,2,2F,I.Kowata,9,486(-8),FUKUSHIMA,TURF,Gd,https://db.netkeiba.com/race/202405050506/
202405050506,2024-11-16,1400.0,Cloudy,10,2022107280,California Bomb,9,290.6,1:24.5,34.2,56,6,2C,H.Kitamura,8,464(+4),FUKUSHIMA,TURF,Gd,https://db.netkeiba.com/race/202405050506/
202405050506,2024-11-16,1400.0,Cloudy,10,2022103036,Honey Irie,10,75.0,1:24.7,35.4,55,10,2F,A.Tsumura,6,466(+8),FUKUSHIMA,TURF,Gd,https://db.netkeiba.com/race/202405050506/
202405050608,2024-11-17,1600.0,Sunny,7,2022105467,Ma Puce,1,5.2,1:33.9,33.8,55,5,2F,H.Tanabe,3,494(-6),FUKUSHIMA,TURF,Gd,https://db.netkeiba.com/race/202405050608/
202405050608,2024-11-17,1600.0,Sunny,7,2022101464,Rayures,2,2.8,1:34.0,33.4,55,3,2F,J.Shimada,2,416(+8),FUKUSHIMA,TURF,Gd,https://db.netkeiba.com/race/202405050608/
202405050608,2024-11-17,1600.0,Sunny,7,2022104988,Ronde Bosse,3,2.4,1:34.2,34.2,55,4,2F,T.Yokoyama,1,448(0),FUKUSHIMA,TURF,Gd,https://db.netkeiba.com/race/202405050608/
202405050608,2024-11-17,1600.0,Sunny,7,2022104687,Lovable,4,7.7,1:34.6,34.3,55,2,2F,T.Marquand,4,492(+4),FUKUSHIMA,TURF,Gd,https://db.netkeiba.com/race/202405050608/
202405050608,2024-11-17,1600.0,Sunny,7,2022106803,Mirada Caliente,5,9.4,1:34.6,34.7,55,7,2F,Y.Ishikawa,5,474(+4),FUKUSHIMA,TURF,Gd,https://db.netkeiba.com/race/202405050608/
202405050608,2024-11-17,1600.0,Sunny,7,2022103316,Kitano Kunikara,6,22.0,1:35.1,34.6,55,6,2F,K.Maruta,6,388(-2),FUKUSHIMA,TURF,Gd,https://db.netkeiba.com/race/202405050608/
202405050608,2024-11-17,1600.0,Sunny,7,2022100286,Futaiten Wheel,7,136.6,1:36.3,36.0,55,1,2F,M.Matsuoka,7,422(0),FUKUSHIMA,TURF,Gd,https://db.netkeiba.com/race/202405050608/
202405050808,2024-11-24,1600.0,Sunny,10,2022104933,Dianasaal,1,2.8,1:33.4,35.0,56,9,2C,C.Demuro,1,474(-4),TOKYO,TURF,Gd,https://db.netkeiba.com/race/202405050808/
202405050808,2024-11-24,1600.0,Sunny,10,2022110114,Shin Forever,2,7.3,1:33.5,35.5,56,2,2C,K.Tosaki,4,494(0),TOKYO,TURF,Gd,https://db.netkeiba.com/race/202405050808/
202405050808,2024-11-24,1600.0,Sunny,10,2022104596,Ghardaia,3,3.7,1:33.6,34.3,56,6,2C,R.Moore,2,470(+2),TOKYO,TURF,Gd,https://db.netkeiba.com/race/202405050808/
202405050808,2024-11-24,1600.0,Sunny,10,2022105141,Reve Brilliant,4,3.9,1:33.8,34.3,56,5,2C,C.Lemaire,3,446(-2),TOKYO,TURF,Gd,https://db.netkeiba.com/race/202405050808/
202405050808,2024-11-24,1600.0,Sunny,10,2022104939,Winter Bell,5,18.4,1:33.9,35.0,56,1,2C,W.Buick,6,480(+4),TOKYO,TURF,Gd,https://db.netkeiba.com/race/202405050808/
202405050808,2024-11-24,1600.0,Sunny,10,2022104694,Burgtor,7,22.7,1:34.2,34.9,56,4,2C,K.Sameshima,7,488(+6),TOKYO,TURF,Gd,https://db.netkeiba.com/race/202405050808/
202405050808,2024-11-24,1600.0,Sunny,10,2022102709,Nishino Lua Nova,8,79.9,1:35.1,36.0,56,8,2C,H.Tanabe,9,482(+12),TOKYO,TURF,Gd,https://db.netkeiba.com/race/202405050808/
202405050808,2024-11-24,1600.0,Sunny,10,2022104179,Twin Peaks,9,42.4,1:35.8,35.9,55,3,2F,A.Sugawara,8,474(-4),TOKYO,TURF,Gd,https://db.netkeiba.com/race/202405050808/
202405050808,2024-11-24,1600.0,Sunny,10,2022100874,Allmeru Vento,10,251.2,1:36.0,36.1,56,10,2C,M.Michel,10,446(+9),TOKYO,TURF,Gd,https://db.netkeiba.com/race/202405050808/
202406010107,2024-01-06,1200.0,Sunny,13,2021110021,Spirit Guide,1,4.8,1:07.6,33.8,57,5,3C,K.Tosaki,3,524(+4),NAKAYAMA,TURF,Gd,https://db.netkeiba.com/race/202406010107/
202406010107,2024-01-06,1200.0,Sunny,13,2021106440,Arararara,2,2.7,1:07.7,34.8,57,3,3C,Y.Tannai,1,440(-8),NAKAYAMA,TURF,Gd,https://db.netkeiba.com/race/202406010107/
202406010107,2024-01-06,1200.0,Sunny,13,2021102670,Isa Chil Seaside,3,26.3,1:07.7,34.7,57,8,3C,H.Kowata,9,478(+8),NAKAYAMA,TURF,Gd,https://db.netkeiba.com/race/202406010107/
202406010107,2024-01-06,1200.0,Sunny,13,2021102388,Kaiko,4,44.0,1:08.1,34.0,57,4,3G,A.Sugawara,11,452(-12),NAKAYAMA,TURF,Gd,https://db.netkeiba.com/race/202406010107/
202406010107,2024-01-06,1200.0,Sunny,13,2021106939,Taisei Festa,5,16.4,1:08.1,33.9,57,11,3C,K.Yokoyama,5,484(0),NAKAYAMA,TURF,Gd,https://db.netkeiba.com/race/202406010107/
202406010107,2024-01-06,1200.0,Sunny,13,2021105057,On the Venus,6,21.3,1:08.1,34.9,55,1,3F,R.Piechulek,6,428(0),NAKAYAMA,TURF,Gd,https://db.netkeiba.com/race/202406010107/
202406010107,2024-01-06,1200.0,Sunny,13,2021100356,Cool Baby,7,11.8,1:08.2,35.0,54,9,3F,Y.Hara,4,470(+4),NAKAYAMA,TURF,Gd,https://db.netkeiba.com/race/202406010107/
202406010107,2024-01-06,1200.0,Sunny,13,2021101905,Kyoei Cancer,8,70.7,1:08.3,34.8,56,13,3C,T.Nagano,12,472(+8),NAKAYAMA,TURF,Gd,https://db.netkeiba.com/race/202406010107/
202406010107,2024-01-06,1200.0,Sunny,13,2021104665,Raisins Noirs,9,3.2,1:08.4,34.5,57,6,3C,T.Yokoyama,2,474(+6),NAKAYAMA,TURF,Gd,https://db.netkeiba.com/race/202406010107/
202406010107,2024-01-06,1200.0,Sunny,13,2021101394,Mon Reve,10,24.5,1:08.5,34.9,54,10,3F,D.Sasaki,7,468(+2),NAKAYAMA,TURF,Gd,https://db.netkeiba.com/race/202406010107/
202406010107,2024-01-06,1200.0,Sunny,13,2021103552,Isla Azul,11,25.9,1:08.7,34.9,53,12,3C,M.Kobayashi,8,466(0),NAKAYAMA,TURF,Gd,https://db.netkeiba.com/race/202406010107/
202406010107,2024-01-06,1200.0,Sunny,13,2021106372,Itsutsuboshi,12,157.6,1:09.0,35.1,53,2,3F,N.Fujita,13,410(0),NAKAYAMA,TURF,Gd,https://db.netkeiba.com/race/202406010107/
202406010107,2024-01-06,1200.0,Sunny,13,2021102669,Stella City,13,42.9,1:09.1,34.1,55,7,3F,H.Tanabe,10,456(-2),NAKAYAMA,TURF,Gd,https://db.netkeiba.com/race/202406010107/
202406010409,2024-01-13,1600.0,Cloudy,12,2021105956,London Arms,2,59.6,1:33.5,34.3,55,5,3F,K.Yokoyama,9,438(+4),NAKAYAMA,TURF,Gd,https://db.netkeiba.com/race/202406010409/
202406010409,2024-01-13,1600.0,Cloudy,12,2021106195,Win Dione,3,12.4,1:33.6,35.1,55,3,3F,R.Kingscote,6,456(0),NAKAYAMA,TURF,Gd,https://db.netkeiba.com/race/202406010409/
202406010409,2024-01-13,1600.0,Cloudy,12,2021105529,Lux Noah,4,11.6,1:33.6,34.7,55,2,3F,A.Tsumura,5,454(-12),NAKAYAMA,TURF,Gd,https://db.netkeiba.com/race/202406010409/
202406010409,2024-01-13,1600.0,Cloudy,12,2021105801,Mi Anhelo,5,2.4,1:33.6,34.2,55,8,3F,C.Lemaire,1,478(0),NAKAYAMA,TURF,Gd,https://db.netkeiba.com/race/202406010409/
202406010409,2024-01-13,1600.0,Cloudy,12,2021103559,Omega Wink,6,6.9,1:33.7,34.3,55,11,3F,R.Piechulek,4,474(+10),NAKAYAMA,TURF,Gd,https://db.netkeiba.com/race/202406010409/
202406010409,2024-01-13,1600.0,Cloudy,12,2021106308,Kaito Gut,7,38.2,1:33.7,34.6,55,10,3F,D.Shibata,7,462(-4),NAKAYAMA,TURF,Gd,https://db.netkeiba.com/race/202406010409/
202406010409,2024-01-13,1600.0,Cloudy,12,2021101289,Dino Sunrise,8,82.3,1:34.0,35.4,55,1,3F,R.King,10,450(+2),NAKAYAMA,TURF,Gd,https://db.netkeiba.com/race/202406010409/
202406010409,2024-01-13,1600.0,Cloudy,12,2021100189,Nishino Koigokoro,9,59.6,1:34.2,34.2,55,9,3F,Y.Nonaka,8,424(0),NAKAYAMA,TURF,Gd,https://db.netkeiba.com/race/202406010409/
202406010409,2024-01-13,1600.0,Cloudy,12,2021100102,Coconut Cute,11,662.7,1:34.6,34.9,55,7,3F,K.Maruta,12,448(+2),NAKAYAMA,TURF,Gd,https://db.netkeiba.com/race/202406010409/
202406010409,2024-01-13,1600.0,Cloudy,12,2021106655,Lotus Wand,12,195.8,1:34.9,35.2,55,12,3F,A.Sugawara,11,454(-8),NAKAYAMA,TURF,Gd,https://db.netkeiba.com/race/202406010409/
202406020107,2024-02-24,1600.0,Sunny,11,2021102280,David Tesoro,1,8.8,1:35.1,35.6,56,1,3C,Y.Hara,5,466(-4),NAKAYAMA,TURF,Yld,https://db.netkeiba.com/race/202406020107/
202406020107,2024-02-24,1600.0,Sunny,11,2021105467,For the Boys,2,1.8,1:35.2,35.0,55,11,3F,K.Miura,1,426(0),NAKAYAMA,TURF,Yld,https://db.netkeiba.com/race/202406020107/
202406020107,2024-02-24,1600.0,Sunny,11,2021101595,Viva Crown,3,4.7,1:35.3,35.4,57,10,3C,T.Ono,2,468(-4),NAKAYAMA,TURF,Yld,https://db.netkeiba.com/race/202406020107/
202406020107,2024-02-24,1600.0,Sunny,11,2021101023,Eifer Battle,4,6.5,1:35.6,35.1,55,5,3C,N.Fujita,3,444(0),NAKAYAMA,TURF,Yld,https://db.netkeiba.com/race/202406020107/
202406020107,2024-02-24,1600.0,Sunny,11,2021104416,Wide Blizzard,5,7.2,1:35.7,36.0,57,8,3C,R.King,4,446(0),NAKAYAMA,TURF,Yld,https://db.netkeiba.com/race/202406020107/
202406020107,2024-02-24,1600.0,Sunny,11,2021106366,Roanoke Tesoro,6,15.0,1:35.8,35.9,55,2,3F,T.Kowata,6,466(+10),NAKAYAMA,TURF,Yld,https://db.netkeiba.com/race/202406020107/
202406020107,2024-02-24,1600.0,Sunny,11,2021105006,Kaimana Eleele,7,254.7,1:36.1,35.8,55,3,3F,M.Muto,10,394(-4),NAKAYAMA,TURF,Yld,https://db.netkeiba.com/race/202406020107/
202406020107,2024-02-24,1600.0,Sunny,11,2021105368,Jun Powerful,8,67.6,1:36.5,36.5,52,6,3F,S.Kobayashi,7,452(-2),NAKAYAMA,TURF,Yld,https://db.netkeiba.com/race/202406020107/
202406020107,2024-02-24,1600.0,Sunny,11,2021106405,Cheval Aile,9,207.7,1:36.6,36.1,57,9,3C,Y.Yoshida,8,520(-8),NAKAYAMA,TURF,Yld,https://db.netkeiba.com/race/202406020107/
202406020107,2024-02-24,1600.0,Sunny,11,2021101288,Caramel Milk,10,247.2,1:37.3,36.7,55,4,3F,R.Sugahara,9,400(-4),NAKAYAMA,TURF,Yld,https://db.netkeiba.com/race/202406020107/
202406020107,2024-02-24,1600.0,Sunny,11,2021100105,That's,11,386.4,1:37.7,36.6,57,7,3C,J.Iwabe,11,528(-2),NAKAYAMA,TURF,Yld,https://db.netkeiba.com/race/202406020107/
202406020306,2024-03-02,1600.0,Cloudy,12,2021105609,Spark Richard,1,3.2,1:35.1,35.4,57,5,3C,M.Demuro,2,484(+2),NAKAYAMA,TURF,Yld,https://db.netkeiba.com/race/202406020306/
202406020306,2024-03-02,1600.0,Cloudy,12,2021100152,Best of You,2,27.1,1:35.2,35.7,57,7,3C,R.Sakai,6,424(-2),NAKAYAMA,TURF,Yld,https://db.netkeiba.com/race/202406020306/
202406020306,2024-03-02,1600.0,Cloudy,12,2021101651,Clean Air,3,4.5,1:35.5,35.7,57,4,3C,T.Ono,3,472(+2),NAKAYAMA,TURF,Yld,https://db.netkeiba.com/race/202406020306/
202406020306,2024-03-02,1600.0,Cloudy,12,2021104908,Nicholaus,4,3.0,1:35.7,35.6,57,9,3C,T.Yokoyama,1,438(-10),NAKAYAMA,TURF,Yld,https://db.netkeiba.com/race/202406020306/
202406020306,2024-03-02,1600.0,Cloudy,12,2021107085,Win Acteur,5,29.3,1:35.9,35.9,57,2,3C,M.Matsuoka,7,430(0),NAKAYAMA,TURF,Yld,https://db.netkeiba.com/race/202406020306/
202406020306,2024-03-02,1600.0,Cloudy,12,2021100247,Tiger Dragon,6,43.1,1:36.1,35.9,53,1,3C,H.Oehara,8,448(0),NAKAYAMA,TURF,Yld,https://db.netkeiba.com/race/202406020306/
202406020306,2024-03-02,1600.0,Cloudy,12,2021101015,Supervisor,7,10.1,1:36.2,36.3,57,10,3C,Y.Yoshida,5,458(-2),NAKAYAMA,TURF,Yld,https://db.netkeiba.com/race/202406020306/
202406020306,2024-03-02,1600.0,Cloudy,12,2021106366,Roanoke Tesoro,8,155.6,1:36.4,36.3,55,8,3F,T.Kowata,10,462(-4),NAKAYAMA,TURF,Yld,https://db.netkeiba.com/race/202406020306/
202406020306,2024-03-02,1600.0,Cloudy,12,2021103325,Karenna Otome,9,46.1,1:36.4,36.0,54,11,3F,T.Nagano,9,422(-2),NAKAYAMA,TURF,Yld,https://db.netkeiba.com/race/202406020306/
202406020306,2024-03-02,1600.0,Cloudy,12,2021105397,Aphelion,10,5.9,1:37.0,37.0,57,6,3C,K.Tosaki,4,480(+4),NAKAYAMA,TURF,Yld,https://db.netkeiba.com/race/202406020306/
202406020306,2024-03-02,1600.0,Cloudy,12,2021105937,Precious Shill,11,712.5,1:37.6,37.0,55,3,3F,Y.Nonaka,12,420(+2),NAKAYAMA,TURF,Yld,https://db.netkeiba.com/race/202406020306/
202406020306,2024-03-02,1600.0,Cloudy,12,2021102560,Scherzo,12,692.6,1:39.2,38.9,52,12,3F,S.Kobayashi,11,450(-10),NAKAYAMA,TURF,Yld,https://db.netkeiba.com/race/202406020306/
202406020607,2024-03-10,1200.0,Sunny,11,2021106440,Arararara,1,1.8,1:08.8,34.9,57,2,3C,Y.Tannai,1,448(+8),NAKAYAMA,TURF,Yld,https://db.netkeiba.com/race/202406020607/
202406020607,2024-03-10,1200.0,Sunny,11,2021103667,Quores,2,10.6,1:09.2,35.2,55,3,3F,T.Kowata,5,474(+6),NAKAYAMA,TURF,Yld,https://db.netkeiba.com/race/202406020607/
202406020607,2024-03-10,1200.0,Sunny,11,2021106666,Reigning Cat,3,16.4,1:09.5,35.3,56,1,3C,T.Nagano,6,488(+8),NAKAYAMA,TURF,Yld,https://db.netkeiba.com/race/202406020607/
202406020607,2024-03-10,1200.0,Sunny,11,2021100610,Asagiri,4,42.1,1:09.5,35.0,52,4,3F,S.Kobayashi,8,444(-4),NAKAYAMA,TURF,Yld,https://db.netkeiba.com/race/202406020607/
202406020607,2024-03-10,1200.0,Sunny,11,2021104665,Raisins Noirs,5,7.9,1:09.6,34.8,57,6,3C,H.Uchida,3,460(-14),NAKAYAMA,TURF,Yld,https://db.netkeiba.com/race/202406020607/
202406020607,2024-03-10,1200.0,Sunny,11,2021106939,Taisei Festa,6,8.7,1:09.7,35.2,57,8,3C,S.Ishibashi,4,486(-6),NAKAYAMA,TURF,Yld,https://db.netkeiba.com/race/202406020607/
202406020607,2024-03-10,1200.0,Sunny,11,2021105057,On the Venus,7,17.9,1:09.9,35.8,51,5,3F,H.Oehara,7,426(-2),NAKAYAMA,TURF,Yld,https://db.netkeiba.com/race/202406020607/
202406020607,2024-03-10,1200.0,Sunny,11,2021110001,King's Breath,8,4.7,1:10.2,35.8,57,9,3C,H.Kitamura,2,494(0),NAKAYAMA,TURF,Yld,https://db.netkeiba.com/race/202406020607/
202406020607,2024-03-10,1200.0,Sunny,11,2021100803,Vilcabamba,9,365.3,1:10.7,35.6,57,7,3C,M.Sugihara,11,488(-10),NAKAYAMA,TURF,Yld,https://db.netkeiba.com/race/202406020607/
202406020607,2024-03-10,1200.0,Sunny,11,2021101394,Mon Reve,10,67.9,1:10.7,35.2,55,11,3F,T.Ono,10,472(+4),NAKAYAMA,TURF,Yld,https://db.netkeiba.com/race/202406020607/
202406020607,2024-03-10,1200.0,Sunny,11,2021101279,Shine Venus,11,59.2,1:11.1,36.9,55,10,3F,K.Yokoyama,9,432(-4),NAKAYAMA,TURF,Yld,https://db.netkeiba.com/race/202406020607/
202406020706,2024-03-16,1600.0,Sunny,9,2021104326,Yukino Royal,1,18.0,1:34.8,35.0,57,1,3C,S.Ishibashi,6,444(0),NAKAYAMA,TURF,Gd,https://db.netkeiba.com/race/202406020706/
202406020706,2024-03-16,1600.0,Sunny,9,2021105661,Regalo del Cielo,2,2.1,1:34.9,34.8,57,7,3C,C.Lemaire,1,518(+6),NAKAYAMA,TURF,Gd,https://db.netkeiba.com/race/202406020706/
202406020706,2024-03-16,1600.0,Sunny,9,2021102106,Tsurumau Katachi,4,13.2,1:35.3,34.9,57,9,3C,Y.Ishikawa,4,476(+4),NAKAYAMA,TURF,Gd,https://db.netkeiba.com/race/202406020706/
202406020706,2024-03-16,1600.0,Sunny,9,2021106395,Happy Surprise,5,182.3,1:35.4,35.3,57,6,3C,T.Ono,8,448(0),NAKAYAMA,TURF,Gd,https://db.netkeiba.com/race/202406020706/
202406020706,2024-03-16,1600.0,Sunny,9,2021106298,Morino Red Star,6,2.9,1:35.4,35.5,55,5,3F,K.Yokoyama,2,464(-2),NAKAYAMA,TURF,Gd,https://db.netkeiba.com/race/202406020706/
202406020706,2024-03-16,1600.0,Sunny,9,2021106102,Ecoro Raijin,7,18.5,1:35.6,35.3,57,4,3C,A.Sugawara,7,460(+4),NAKAYAMA,TURF,Gd,https://db.netkeiba.com/race/202406020706/
202406020706,2024-03-16,1600.0,Sunny,9,2021105578,Shonan Rapidus,8,5.4,1:35.7,35.1,57,3,3C,K.Tosaki,3,486(+2),NAKAYAMA,TURF,Gd,https://db.netkeiba.com/race/202406020706/
202406020706,2024-03-16,1600.0,Sunny,9,2021101385,Relish,9,558.5,1:38.6,37.9,55,2,3F,K.Maruta,9,474(+4),NAKAYAMA,TURF,Gd,https://db.netkeiba.com/race/202406020706/
202406030105,2024-03-23,1200.0,Cloudy,10,2021105485,Erika Carina,1,1.5,1:08.0,34.4,55,1,3F,K.Tosaki,1,424(+2),NAKAYAMA,TURF,Gd,https://db.netkeiba.com/race/202406030105/
202406030105,2024-03-23,1200.0,Cloudy,10,2021100350,Arranger,2,9.0,1:08.3,34.2,57,2,3C,N.Yokoyama,3,462(-4),NAKAYAMA,TURF,Gd,https://db.netkeiba.com/race/202406030105/
202406030105,2024-03-23,1200.0,Cloudy,10,2021106666,Reigning Cat,3,32.1,1:08.3,34.7,56,4,3C,T.Nagano,8,490(+2),NAKAYAMA,TURF,Gd,https://db.netkeiba.com/race/202406030105/
202406030105,2024-03-23,1200.0,Cloudy,10,2021103667,Quores,4,4.8,1:08.4,35.1,55,6,3F,T.Kowata,2,476(+2),NAKAYAMA,TURF,Gd,https://db.netkeiba.com/race/202406030105/
202406030105,2024-03-23,1200.0,Cloudy,10,2021100356,Cool Baby,5,13.3,1:08.5,35.3,54,5,3F,Y.Hara,4,470(+6),NAKAYAMA,TURF,Gd,https://db.netkeiba.com/race/202406030105/
202406030105,2024-03-23,1200.0,Cloudy,10,2021100594,Amber Needle,6,15.8,1:08.7,34.7,57,10,3C,T.Yokoyama,6,480(+8),NAKAYAMA,TURF,Gd,https://db.netkeiba.com/race/202406030105/
202406030105,2024-03-23,1200.0,Cloudy,10,2021105668,Buster Call,7,14.7,1:09.0,34.6,57,3,3C,A.Tsumura,5,498(+2),NAKAYAMA,TURF,Gd,https://db.netkeiba.com/race/202406030105/
202406030105,2024-03-23,1200.0,Cloudy,10,2021103941,Javanais,8,309.6,1:09.5,35.2,52,9,3F,K.Nagahama,10,406(-8),NAKAYAMA,TURF,Gd,https://db.netkeiba.com/race/202406030105/
202406030105,2024-03-23,1200.0,Cloudy,10,2021103710,Hermes,9,27.1,1:09.7,36.2,54,7,3C,S.Kobayashi,7,480(-4),NAKAYAMA,TURF,Gd,https://db.netkeiba.com/race/202406030105/
202406030105,2024-03-23,1200.0,Cloudy,10,2021100662,Benishia,10,64.6,1:09.8,34.7,55,8,3F,K.Sameshima,9,424(-2),NAKAYAMA,TURF,Gd,https://db.netkeiba.com/race/202406030105/
202406030406,2024-03-31,1600.0,Sunny,11,2021103799,Keikei,1,16.9,1:33.7,34.3,57,4,3G,T.Ono,7,464(+4),NAKAYAMA,TURF,Gd,https://db.netkeiba.com/race/202406030406/
202406030406,2024-03-31,1600.0,Sunny,11,2021102016,Ecoro Mars,2,7.1,1:33.8,34.8,57,9,3C,Y.Iwata,4,492(-6),NAKAYAMA,TURF,Gd,https://db.netkeiba.com/race/202406030406/
202406030406,2024-03-31,1600.0,Sunny,11,2021106308,Kaito Gut,3,6.6,1:33.9,35.0,55,6,3F,G.Maruyama,3,460(-2),NAKAYAMA,TURF,Gd,https://db.netkeiba.com/race/202406030406/
202406030406,2024-03-31,1600.0,Sunny,11,2021101724,Gaju Nori,4,26.2,1:34.2,35.1,55,7,3F,Y.Tannai,8,462(-4),NAKAYAMA,TURF,Gd,https://db.netkeiba.com/race/202406030406/
202406030406,2024-03-31,1600.0,Sunny,11,2021103809,Muscle Back,5,122.6,1:34.3,34.9,57,8,3C,Y.Shibata,9,452(-12),NAKAYAMA,TURF,Gd,https://db.netkeiba.com/race/202406030406/
202406030406,2024-03-31,1600.0,Sunny,11,2021101580,Meisho Yozora,6,3.4,1:34.3,35.5,55,2,3F,S.Ishibashi,2,464(+2),NAKAYAMA,TURF,Gd,https://db.netkeiba.com/race/202406030406/
202406030406,2024-03-31,1600.0,Sunny,11,2021100152,Best of You,7,8.9,1:34.4,35.4,57,1,3C,H.Tanabe,5,424(0),NAKAYAMA,TURF,Gd,https://db.netkeiba.com/race/202406030406/
202406030406,2024-03-31,1600.0,Sunny,11,2021106395,Happy Surprise,8,150.5,1:34.6,34.6,54,11,3C,K.Nagahama,10,442(-6),NAKAYAMA,TURF,Gd,https://db.netkeiba.com/race/202406030406/
202406030406,2024-03-31,1600.0,Sunny,11,2021104137,Mieno Bravo,9,10.2,1:35.0,35.8,55,3,3F,K.Maruta,6,468(-6),NAKAYAMA,TURF,Gd,https://db.netkeiba.com/race/202406030406/
202406030406,2024-03-31,1600.0,Sunny,11,2021105905,Sesemann,10,2.8,1:35.0,35.8,57,5,3C,Y.Ishikawa,1,494(+10),NAKAYAMA,TURF,Gd,https://db.netkeiba.com/race/202406030406/
202406030406,2024-03-31,1600.0,Sunny,11,2021102367,Laser Beam,11,631.3,1:37.7,36.9,57,10,3C,J.Iwabe,11,408(-6),NAKAYAMA,TURF,Gd,https://db.netkeiba.com/race/202406030406/
202406040109,2024-09-07,1600.0,Sunny,8,2022105031,Jardinier,1,1.8,1:33.6,34.0,55,1,2F,K.Tosaki,1,454(+18),NAKAYAMA,TURF,Gd,https://db.netkeiba.com/race/202406040109/
202406040109,2024-09-07,1600.0,Sunny,8,2022103316,Kitano Kunikara,2,12.5,1:33.8,34.4,55,4,2F,M.Sugihara,4,394(-6),NAKAYAMA,TURF,Gd,https://db.netkeiba.com/race/202406040109/
202406040109,2024-09-07,1600.0,Sunny,8,2022104939,Winter Bell,3,2.0,1:34.0,34.8,55,2,2C,C.Lemaire,2,476(+14),NAKAYAMA,TURF,Gd,https://db.netkeiba.com/race/202406040109/
202406040109,2024-09-07,1600.0,Sunny,8,2022100336,Friend Beach,4,145.5,1:34.2,34.8,55,6,2F,Y.Yoshida,7,408(0),NAKAYAMA,TURF,Gd,https://db.netkeiba.com/race/202406040109/
202406040109,2024-09-07,1600.0,Sunny,8,2022103416,Seul et Patriote,5,10.0,1:34.3,35.2,55,8,2C,R.Yokoyama,3,400(+8),NAKAYAMA,TURF,Gd,https://db.netkeiba.com/race/202406040109/
202406040109,2024-09-07,1600.0,Sunny,8,2022103330,Ice Field,6,213.9,1:34.4,34.6,55,3,2C,H.Mayuzumi,8,440(0),NAKAYAMA,TURF,Gd,https://db.netkeiba.com/race/202406040109/
202406040109,2024-09-07,1600.0,Sunny,8,2022104028,Dothan Dothan,7,77.6,1:34.6,34.6,55,5,2C,T.Mori,6,468(-5),NAKAYAMA,TURF,Gd,https://db.netkeiba.com/race/202406040109/
202406040109,2024-09-07,1600.0,Sunny,8,2022104533,Cheongug,8,41.7,1:34.7,35.3,55,7,2C,S.Kobayashi,5,462(+4),NAKAYAMA,TURF,Gd,https://db.netkeiba.com/race/202406040109/
202406040909,2024-09-29,1600.0,Cloudy,9,2022101250,Kurino Mei,1,18.4,1:35.2,34.3,55,2,2F,D.Sasaki,4,444(0),NAKAYAMA,TURF,Gd,https://db.netkeiba.com/race/202406040909/
202406040909,2024-09-29,1600.0,Cloudy,9,2022106803,Mirada Caliente,2,52.2,1:35.2,34.9,55,8,2F,Y.Ishikawa,8,470(-4),NAKAYAMA,TURF,Gd,https://db.netkeiba.com/race/202406040909/
202406040909,2024-09-29,1600.0,Cloudy,9,2022101906,Kyoei Bonita,3,34.7,1:35.2,34.5,55,4,2F,M.Matsuoka,7,448(+2),NAKAYAMA,TURF,Gd,https://db.netkeiba.com/race/202406040909/
202406040909,2024-09-29,1600.0,Cloudy,9,2022105985,Sena Marine,4,6.3,1:35.3,34.7,55,1,2F,K.Tosaki,2,512(+10),NAKAYAMA,TURF,Gd,https://db.netkeiba.com/race/202406040909/
202406040909,2024-09-29,1600.0,Cloudy,9,2022105185,Embroidery,5,1.2,1:35.3,34.1,55,6,2F,C.Lemaire,1,480(0),NAKAYAMA,TURF,Gd,https://db.netkeiba.com/race/202406040909/
202406040909,2024-09-29,1600.0,Cloudy,9,2022101574,O K Smile,6,33.9,1:35.7,35.2,55,3,2F,A.Sugawara,6,416(-8),NAKAYAMA,TURF,Gd,https://db.netkeiba.com/race/202406040909/
202406040909,2024-09-29,1600.0,Cloudy,9,2022105429,Chigiri,7,25.3,1:36.1,35.2,55,7,2F,Y.Take,5,448(-8),NAKAYAMA,TURF,Gd,https://db.netkeiba.com/race/202406040909/
202406040909,2024-09-29,1600.0,Cloudy,9,2022100216,Alma Grace,8,119.1,1:36.5,35.3,55,5,2F,K.Teetan,9,454(-2),NAKAYAMA,TURF,Gd,https://db.netkeiba.com/race/202406040909/
202406040909,2024-09-29,1600.0,Cloudy,9,2022104781,Go So Far,9,9.6,1:36.8,35.9,55,9,2F,T.Yokoyama,3,456(+6),NAKAYAMA,TURF,Gd,https://db.netkeiba.com/race/202406040909/
202406050309,2024-12-07,1200.0,Sunny,13,2022101443,South Bank,1,9.0,1:07.7,34.3,55,7,2F,H.Kitamura,5,490(-8),NAKAYAMA,TURF,Gd,https://db.netkeiba.com/race/202406050309/
202406050309,2024-12-07,1200.0,Sunny,13,2022103146,Kanshin,2,3.8,1:07.8,34.1,56,5,2C,T.Marquand,2,466(+4),NAKAYAMA,TURF,Gd,https://db.netkeiba.com/race/202406050309/
202406050309,2024-12-07,1200.0,Sunny,13,2022106912,Virgil,3,4.0,1:07.8,34.5,56,13,2C,K.Yokoyama,3,454(0),NAKAYAMA,TURF,Gd,https://db.netkeiba.com/race/202406050309/
202406050309,2024-12-07,1200.0,Sunny,13,2022102794,Maximum Drive,4,24.7,1:07.9,34.9,56,8,2C,T.Hattori,7,524(-2),NAKAYAMA,TURF,Gd,https://db.netkeiba.com/race/202406050309/
202406050309,2024-12-07,1200.0,Sunny,13,2022103066,Rapier,5,3.0,1:07.9,35.0,56,11,2C,K.Tosaki,1,484(0),NAKAYAMA,TURF,Gd,https://db.netkeiba.com/race/202406050309/
202406050309,2024-12-07,1200.0,Sunny,13,2022100737,Seiun Big Bang,6,8.1,1:08.4,34.2,56,4,2C,A.Sugawara,4,436(+2),NAKAYAMA,TURF,Gd,https://db.netkeiba.com/race/202406050309/
202406050309,2024-12-07,1200.0,Sunny,13,2022103478,Arion Smile,7,369.1,1:08.5,34.5,56,2,2C,T.Kowata,13,442(-8),NAKAYAMA,TURF,Gd,https://db.netkeiba.com/race/202406050309/
202406050309,2024-12-07,1200.0,Sunny,13,2022106999,Nishinocoupdecoeur,8,9.0,1:08.9,35.3,55,6,2F,M.Muto,6,444(+6),NAKAYAMA,TURF,Gd,https://db.netkeiba.com/race/202406050309/
202406050309,2024-12-07,1200.0,Sunny,13,2022104533,Cheongug,9,277.1,1:08.9,34.2,56,12,2C,S.Kobayashi,11,468(0),NAKAYAMA,TURF,Gd,https://db.netkeiba.com/race/202406050309/
202406050309,2024-12-07,1200.0,Sunny,13,2022102621,Rikea Con Panna,10,219.1,1:09.0,34.9,56,9,2C,K.Kikuzawa,10,462(-2),NAKAYAMA,TURF,Gd,https://db.netkeiba.com/race/202406050309/
202406050309,2024-12-07,1200.0,Sunny,13,2022106677,Kaga Babel,11,89.2,1:09.3,34.8,56,10,2C,Y.Ishikawa,8,524(+10),NAKAYAMA,TURF,Gd,https://db.netkeiba.com/race/202406050309/
202406050309,2024-12-07,1200.0,Sunny,13,2022106190,Rhein Pasion,12,218.9,1:09.3,35.6,55,1,2F,A.Tsumura,9,398(-2),NAKAYAMA,TURF,Gd,https://db.netkeiba.com/race/202406050309/
202406050309,2024-12-07,1200.0,Sunny,13,2022106051,Fabienne,13,293.9,1:09.5,34.2,55,3,2F,M.Michel,12,432(-5),NAKAYAMA,TURF,Gd,https://db.netkeiba.com/race/202406050309/
202406050509,2024-12-14,1600.0,Sunny,13,2022105143,Denkmal,1,1.4,1:32.4,35.1,56,3,2C,C.Lemaire,1,548(+4),NAKAYAMA,TURF,Gd,https://db.netkeiba.com/race/202406050509/
202406050509,2024-12-14,1600.0,Sunny,13,2022104697,Immigrant Song,2,4.3,1:32.5,34.6,56,10,2C,T.Marquand,2,490(+10),NAKAYAMA,TURF,Gd,https://db.netkeiba.com/race/202406050509/
202406050509,2024-12-14,1600.0,Sunny,13,2022101388,Best Scene,3,15.4,1:32.8,35.0,56,5,2C,K.Tosaki,4,464(0),NAKAYAMA,TURF,Gd,https://db.netkeiba.com/race/202406050509/
202406050509,2024-12-14,1600.0,Sunny,13,2022105246,Tiratore,4,12.9,1:33.0,35.5,55,8,2F,T.Kowata,3,486(+2),NAKAYAMA,TURF,Gd,https://db.netkeiba.com/race/202406050509/
202406050509,2024-12-14,1600.0,Sunny,13,2022105190,Blooming Rose,6,33.8,1:33.5,35.9,55,2,2F,C.Demuro,8,448(-8),NAKAYAMA,TURF,Gd,https://db.netkeiba.com/race/202406050509/
202406050509,2024-12-14,1600.0,Sunny,13,2022100757,Inoki,8,65.4,1:33.9,36.5,56,7,2C,Y.Tannai,9,484(+4),NAKAYAMA,TURF,Gd,https://db.netkeiba.com/race/202406050509/
202406050509,2024-12-14,1600.0,Sunny,13,2022106772,Vaselina,9,266.3,1:33.9,35.7,56,12,2C,Y.Nonaka,11,454(+16),NAKAYAMA,TURF,Gd,https://db.netkeiba.com/race/202406050509/
202406050509,2024-12-14,1600.0,Sunny,13,2022101848,Night Dancer,11,272.7,1:34.4,35.8,56,9,2C,T.Ono,12,452(+2),NAKAYAMA,TURF,Gd,https://db.netkeiba.com/race/202406050509/
202406050509,2024-12-14,1600.0,Sunny,13,2022104097,Atarashii Kadodeni,12,386.4,1:34.7,36.5,56,13,2C,Y.Hara,13,498(+7),NAKAYAMA,TURF,Gd,https://db.netkeiba.com/race/202406050509/
202406050509,2024-12-14,1600.0,Sunny,13,2022103416,Seul et Patriote,13,265.3,1:35.6,37.8,56,1,2C,R.Yokoyama,10,404(+4),NAKAYAMA,TURF,Gd,https://db.netkeiba.com/race/202406050509/
202407010409,2024-03-17,1600.0,Cloudy,10,2021104153,Epoch Venus,1,3.3,1:34.7,34.1,55,10,3F,K.Matsuyama,1,440(+4),NAKAYAMA,TURF,Gd,https://db.netkeiba.com/race/202407010409/
202407010409,2024-03-17,1600.0,Cloudy,10,2021103449,Moani,2,16.5,1:34.7,34.5,55,2,3F,M.Nagashima,6,454(-2),NAKAYAMA,TURF,Gd,https://db.netkeiba.com/race/202407010409/
202407010409,2024-03-17,1600.0,Cloudy,10,2021106548,Tagano Dude,3,4.5,1:34.9,34.1,57,3,3C,Y.Furukawa,3,482(-2),NAKAYAMA,TURF,Gd,https://db.netkeiba.com/race/202407010409/
202407010409,2024-03-17,1600.0,Cloudy,10,2021103303,Dreaming Up,4,9.1,1:34.9,33.6,57,7,3C,Y.Fujioka,5,458(-2),NAKAYAMA,TURF,Gd,https://db.netkeiba.com/race/202407010409/
202407010409,2024-03-17,1600.0,Cloudy,10,2021105454,Buena Onda,5,3.4,1:35.1,34.3,57,5,3C,H.Yoshida,2,454(0),NAKAYAMA,TURF,Gd,https://db.netkeiba.com/race/202407010409/
202407010409,2024-03-17,1600.0,Cloudy,10,2021104554,Limerick,6,61.4,1:35.1,33.9,57,6,3C,A.Saito,9,456(-8),NAKAYAMA,TURF,Gd,https://db.netkeiba.com/race/202407010409/
202407010409,2024-03-17,1600.0,Cloudy,10,2021105868,Barquentine,7,22.6,1:35.6,34.5,57,1,3C,A.Tomita,7,476(0),NAKAYAMA,TURF,Gd,https://db.netkeiba.com/race/202407010409/
202407010409,2024-03-17,1600.0,Cloudy,10,2021105540,Saronikos,8,5.3,1:35.7,34.8,55,4,3F,K.Sameshima,4,440(-4),NAKAYAMA,TURF,Gd,https://db.netkeiba.com/race/202407010409/
202407010409,2024-03-17,1600.0,Cloudy,10,2021103125,Copano Antonio,9,241.7,1:35.8,34.7,57,8,3C,K.Fujioka,10,476(0),NAKAYAMA,TURF,Gd,https://db.netkeiba.com/race/202407010409/
202407010409,2024-03-17,1600.0,Cloudy,10,2021107369,Give It a Go,10,52.0,1:36.3,35.3,55,9,3F,G.Maruyama,8,452(-6),NAKAYAMA,TURF,Gd,https://db.netkeiba.com/race/202407010409/
202407040209,2024-12-01,1600.0,Sunny,7,2022104896,Kalamatianos,1,4.5,1:35.1,34.2,56,4,2C,Y.Kawada,2,462(+4),NAKAYAMA,TURF,Gd,https://db.netkeiba.com/race/202407040209/
202407040209,2024-12-01,1600.0,Sunny,7,2022104734,Worth,2,5.5,1:35.1,34.4,56,2,2C,K.Matsuyama,4,492(+4),NAKAYAMA,TURF,Gd,https://db.netkeiba.com/race/202407040209/
202407040209,2024-12-01,1600.0,Sunny,7,2022105431,Navel Orange,3,13.2,1:35.5,34.9,55,1,2F,R.Sakai,6,464(+8),NAKAYAMA,TURF,Gd,https://db.netkeiba.com/race/202407040209/
202407040209,2024-12-01,1600.0,Sunny,7,2022104942,Silver Rain,4,2.2,1:35.6,34.5,56,5,2C,C.Lemaire,1,470(-2),NAKAYAMA,TURF,Gd,https://db.netkeiba.com/race/202407040209/
202407040209,2024-12-01,1600.0,Sunny,7,2022101562,Daishin Ra,5,7.8,1:35.7,34.9,56,3,2C,M.Iwata,5,504(0),NAKAYAMA,TURF,Gd,https://db.netkeiba.com/race/202407040209/
202407040209,2024-12-01,1600.0,Sunny,7,2022102148,Sound Bach,6,138.2,1:36.6,35.4,56,6,2C,H.Kitamura,7,488(+10),NAKAYAMA,TURF,Gd,https://db.netkeiba.com/race/202407040209/
202407040209,2024-12-01,1600.0,Sunny,7,2022105027,Prokleia,7,4.9,1:36.6,35.6,55,7,2F,C.Demuro,3,454(-8),NAKAYAMA,TURF,Gd,https://db.netkeiba.com/race/202407040209/
202407040309,2024-12-07,1400.0,Cloudy,12,2022102887,Namura Clara,2,3.8,1:21.9,35.6,55,4,2F,A.Nishimura,2,472(-6),NAKAYAMA,TURF,Gd,https://db.netkeiba.com/race/202407040309/
202407040309,2024-12-07,1400.0,Cloudy,12,2022101765,Piko Rose,3,11.9,1:22.1,35.7,55,2,2F,H.Tanabe,5,434(0),NAKAYAMA,TURF,Gd,https://db.netkeiba.com/race/202407040309/
202407040309,2024-12-07,1400.0,Cloudy,12,2022104885,Theresa,4,2.9,1:22.1,35.9,55,1,2F,K.Matsuyama,1,424(-4),NAKAYAMA,TURF,Gd,https://db.netkeiba.com/race/202407040309/
202407040309,2024-12-07,1400.0,Cloudy,12,2022104748,Will Survive,5,16.8,1:22.2,35.6,55,12,2F,T.Danno,8,430(-6),NAKAYAMA,TURF,Gd,https://db.netkeiba.com/race/202407040309/
202407040309,2024-12-07,1400.0,Cloudy,12,2022101906,Kyoei Bonita,6,17.4,1:22.4,36.0,55,11,2F,M.Sakai,9,444(-2),NAKAYAMA,TURF,Gd,https://db.netkeiba.com/race/202407040309/
202407040309,2024-12-07,1400.0,Cloudy,12,2022100403,Water Gerbera,7,7.8,1:22.6,35.9,55,3,2F,K.Nishizuka,3,446(0),NAKAYAMA,TURF,Gd,https://db.netkeiba.com/race/202407040309/
202407040309,2024-12-07,1400.0,Cloudy,12,2022110077,Irifi,8,10.4,1:22.9,36.4,55,5,2F,K.Sameshima,4,418(-6),NAKAYAMA,TURF,Gd,https://db.netkeiba.com/race/202407040309/
202407040309,2024-12-07,1400.0,Cloudy,12,2022101557,Aster Ruhuna,9,42.9,1:23.3,37.4,55,7,2F,Y.Shibata,11,440(0),NAKAYAMA,TURF,Gd,https://db.netkeiba.com/race/202407040309/
202407040309,2024-12-07,1400.0,Cloudy,12,2022104900,Kuroyuki,10,12.4,1:23.5,37.1,55,6,2F,R.Takasugi,6,422(-10),NAKAYAMA,TURF,Gd,https://db.netkeiba.com/race/202407040309/
202407040309,2024-12-07,1400.0,Cloudy,12,2022106637,Lavendel,11,37.8,1:23.8,37.8,55,10,2F,M.Iwata,10,424(+2),NAKAYAMA,TURF,Gd,https://db.netkeiba.com/race/202407040309/
202407040309,2024-12-07,1400.0,Cloudy,12,2022101202,Sun Niagara,12,43.4,1:23.9,37.7,55,8,2F,H.Matsumoto,12,480(-8),NAKAYAMA,TURF,Gd,https://db.netkeiba.com/race/202407040309/
202408010106,2024-01-06,1200.0,Cloudy,10,2021107058,Puro Magic,1,1.3,1:08.8,34.1,55,2,3F,R.Sakai,1,444(-2),NAKAYAMA,TURF,Gd,https://db.netkeiba.com/race/202408010106/
202408010106,2024-01-06,1200.0,Cloudy,10,2021101598,Uncle Cross,2,7.7,1:09.1,34.1,57,3,3C,Y.Nagaoka,3,466(-6),NAKAYAMA,TURF,Gd,https://db.netkeiba.com/race/202408010106/
202408010106,2024-01-06,1200.0,Cloudy,10,2021110033,Passing Shower,3,5.1,1:09.7,34.8,57,7,3C,A.Nishimura,2,488(+12),NAKAYAMA,TURF,Gd,https://db.netkeiba.com/race/202408010106/
202408010106,2024-01-06,1200.0,Cloudy,10,2021105175,St Kilda,4,62.7,1:10.0,34.8,57,6,3C,Y.Kitamura,7,468(-4),NAKAYAMA,TURF,Gd,https://db.netkeiba.com/race/202408010106/
202408010106,2024-01-06,1200.0,Cloudy,10,2021109114,Aitaka,6,11.2,1:10.3,35.0,51,10,3F,N.Kawaharada,4,414(0),NAKAYAMA,TURF,Gd,https://db.netkeiba.com/race/202408010106/
202408010106,2024-01-06,1200.0,Cloudy,10,2021100653,Agassi,7,22.2,1:10.5,35.6,57,5,3C,Y.Take,5,496(+24),NAKAYAMA,TURF,Gd,https://db.netkeiba.com/race/202408010106/
202408010106,2024-01-06,1200.0,Cloudy,10,2021106395,Happy Surprise,8,93.3,1:10.6,35.5,57,8,3C,F.Matsuwaka,8,448(0),NAKAYAMA,TURF,Gd,https://db.netkeiba.com/race/202408010106/
202408010106,2024-01-06,1200.0,Cloudy,10,2021105018,Preparation,10,352.5,1:11.3,35.3,55,9,3F,K.Kawamata,10,448(0),NAKAYAMA,TURF,Gd,https://db.netkeiba.com/race/202408010106/
202408020108,2024-01-27,1600.0,Sunny,6,2021101106,Smart Spear,1,3.6,1:34.3,35.7,57,7,3C,K.Ogino,3,512(+2),TOKYO,TURF,Gd,https://db.netkeiba.com/race/202408020108/
202408020108,2024-01-27,1600.0,Sunny,6,2021105160,Caelum,2,2.8,1:34.5,35.7,57,3,3C,Y.Take,1,470(+4),TOKYO,TURF,Gd,https://db.netkeiba.com/race/202408020108/
202408020108,2024-01-27,1600.0,Sunny,6,2021106594,Yamanin Astron,3,4.5,1:34.7,36.3,57,6,3C,T.Tsunoda,4,490(+12),TOKYO,TURF,Gd,https://db.netkeiba.com/race/202408020108/
202408020108,2024-01-27,1600.0,Sunny,6,2021100350,Arranger,4,3.4,1:35.2,36.5,57,5,3C,N.Yokoyama,2,466(-6),TOKYO,TURF,Gd,https://db.netkeiba.com/race/202408020108/
202408020108,2024-01-27,1600.0,Sunny,6,2021105868,Barquentine,5,18.2,1:35.7,37.3,57,1,3C,S.Akiyama,6,476(+4),TOKYO,TURF,Gd,https://db.netkeiba.com/race/202408020108/
202408020108,2024-01-27,1600.0,Sunny,6,2021104074,Love Diva,6,14.9,1:36.0,37.9,55,4,3F,K.Matsuyama,5,446(+2),TOKYO,TURF,Gd,https://db.netkeiba.com/race/202408020108/
202408020108,2024-01-27,1600.0,Sunny,6,2021104840,Fleuraison,,,,,55,2,3F,A.Lemaitre,,436(-6),TOKYO,TURF,Gd,https://db.netkeiba.com/race/202408020108/
202408020509,2024-02-10,1600.0,Cloudy,9,2021110031,Off Trail,1,7.0,1:34.9,33.7,57,5,3C,A.Lemaitre,4,440(+4),TOKYO,TURF,Gd,https://db.netkeiba.com/race/202408020509/
202408020509,2024-02-10,1600.0,Cloudy,9,2021105202,Poetry,2,8.2,1:34.9,34.3,55,8,3F,R.Sakai,5,458(+4),TOKYO,TURF,Gd,https://db.netkeiba.com/race/202408020509/
202408020509,2024-02-10,1600.0,Cloudy,9,2021107098,Lavanda,3,5.3,1:35.1,34.3,55,7,3F,M.Iwata,3,480(+2),TOKYO,TURF,Gd,https://db.netkeiba.com/race/202408020509/
202408020509,2024-02-10,1600.0,Cloudy,9,2021106548,Tagano Dude,4,3.3,1:35.1,34.1,57,1,3C,Y.Furukawa,2,484(+4),TOKYO,TURF,Gd,https://db.netkeiba.com/race/202408020509/
202408020509,2024-02-10,1600.0,Cloudy,9,2021104911,Lumikki,5,17.1,1:35.4,34.5,55,3,3F,M.Demuro,7,452(-12),TOKYO,TURF,Gd,https://db.netkeiba.com/race/202408020509/
202408020509,2024-02-10,1600.0,Cloudy,9,2021105160,Caelum,6,3.1,1:35.8,34.4,57,9,3C,Y.Take,1,476(+6),TOKYO,TURF,Gd,https://db.netkeiba.com/race/202408020509/
202408020509,2024-02-10,1600.0,Cloudy,9,2021102510,Namura Hooker,7,8.7,1:36.3,35.4,57,6,3C,F.Matsuwaka,6,472(+4),TOKYO,TURF,Gd,https://db.netkeiba.com/race/202408020509/
202408020509,2024-02-10,1600.0,Cloudy,9,2021102561,Key Wave,8,54.7,1:36.8,35.6,57,2,3C,R.Wada,8,416(0),TOKYO,TURF,Gd,https://db.netkeiba.com/race/202408020509/
202408020509,2024-02-10,1600.0,Cloudy,9,2021101386,Call Me Maybe,9,350.9,1:38.6,37.5,55,4,3F,M.Okabe,9,438(+10),TOKYO,TURF,Gd,https://db.netkeiba.com/race/202408020509/
202408020706,2024-02-17,1400.0,Sunny,10,2021102888,Namura Atom,1,2.9,1:21.6,33.9,57,8,3C,S.Hamanaka,2,490(-6),TOKYO,TURF,Gd,https://db.netkeiba.com/race/202408020706/
202408020706,2024-02-17,1400.0,Sunny,10,2021106594,Yamanin Astron,2,2.9,1:21.7,34.2,56,1,3C,T.Tsunoda,1,478(-12),TOKYO,TURF,Gd,https://db.netkeiba.com/race/202408020706/
202408020706,2024-02-17,1400.0,Sunny,10,2021106815,Meiner Tigre,3,17.9,1:21.7,34.3,57,9,3C,A.Tsumura,7,476(0),TOKYO,TURF,Gd,https://db.netkeiba.com/race/202408020706/
202408020706,2024-02-17,1400.0,Sunny,10,2021104941,Cecilie Plage,4,7.4,1:21.7,33.9,55,6,3F,K.Sameshima,4,406(-8),TOKYO,TURF,Gd,https://db.netkeiba.com/race/202408020706/
202408020706,2024-02-17,1400.0,Sunny,10,2021101598,Uncle Cross,5,5.4,1:21.8,34.2,57,7,3C,Y.Nagaoka,3,462(-4),TOKYO,TURF,Gd,https://db.netkeiba.com/race/202408020706/
202408020706,2024-02-17,1400.0,Sunny,10,2021101102,Namura Eden,6,13.4,1:22.1,34.9,55,4,3F,T.Danno,5,414(0),TOKYO,TURF,Gd,https://db.netkeiba.com/race/202408020706/
202408020706,2024-02-17,1400.0,Sunny,10,2021101223,Queen's Hat,7,67.8,1:22.1,34.2,55,5,3F,A.Nishimura,10,462(0),TOKYO,TURF,Gd,https://db.netkeiba.com/race/202408020706/
202408020706,2024-02-17,1400.0,Sunny,10,2021107063,Itsumo Nikoniko,8,14.7,1:22.2,34.5,55,2,3F,M.Demuro,6,488(+6),TOKYO,TURF,Gd,https://db.netkeiba.com/race/202408020706/
202408020706,2024-02-17,1400.0,Sunny,10,2021100356,Cool Baby,10,39.7,1:23.0,35.8,54,3,3F,K.Taguchi,8,464(-6),TOKYO,TURF,Gd,https://db.netkeiba.com/race/202408020706/
202408020706,2024-02-17,1400.0,Sunny,10,2021103075,Meisho Yamamomo,,,,,55,10,3F,Y.Take,,,TOKYO,TURF,Gd,https://db.netkeiba.com/race/202408020706/
202408030406,2024-04-28,1400.0,Sunny,10,2021103519,Lila Bonito,2,12.4,1:20.9,34.1,55,2,3F,S.Hamanaka,5,460(+2),NIIGATA,TURF,Gd,https://db.netkeiba.com/race/202408030406/
202408030406,2024-04-28,1400.0,Sunny,10,2021104672,Last Christmas,3,66.1,1:21.0,34.4,55,3,3F,R.Wada,9,460(-4),NIIGATA,TURF,Gd,https://db.netkeiba.com/race/202408030406/
202408030406,2024-04-28,1400.0,Sunny,10,2021103520,Del Cielo,4,6.7,1:21.2,34.1,57,4,3C,Y.Take,3,408(+4),NIIGATA,TURF,Gd,https://db.netkeiba.com/race/202408030406/
202408030406,2024-04-28,1400.0,Sunny,10,2021105202,Poetry,5,3.3,1:21.2,34.6,55,10,3F,K.Sameshima,2,458(-2),NIIGATA,TURF,Gd,https://db.netkeiba.com/race/202408030406/
202408030406,2024-04-28,1400.0,Sunny,10,2021101102,Namura Eden,6,33.4,1:21.4,35.0,52,11,3F,S.Yoshimura,7,420(+6),NIIGATA,TURF,Gd,https://db.netkeiba.com/race/202408030406/
202408030406,2024-04-28,1400.0,Sunny,10,2021110002,World Series,7,9.3,1:21.4,34.4,57,6,3C,A.Sugawara,4,454(0),NIIGATA,TURF,Gd,https://db.netkeiba.com/race/202408030406/
202408030406,2024-04-28,1400.0,Sunny,10,2021102952,Obey Your Master,8,39.0,1:21.5,34.6,57,9,3C,Y.Furukawa,8,452(-4),NIIGATA,TURF,Gd,https://db.netkeiba.com/race/202408030406/
202408030406,2024-04-28,1400.0,Sunny,10,2021103535,Shines on You,9,12.9,1:21.7,34.5,56,1,3C,K.Taguchi,6,446(0),NIIGATA,TURF,Gd,https://db.netkeiba.com/race/202408030406/
202408030406,2024-04-28,1400.0,Sunny,10,2021102718,Nobori Shoryu,10,105.8,1:21.8,34.6,57,5,3C,H.Miyuki,11,452(-4),NIIGATA,TURF,Gd,https://db.netkeiba.com/race/202408030406/
202408030507,2024-05-04,1600.0,Sunny,8,2021105864,World's End,1,1.4,1:32.3,34.1,57,6,3C,Y.Kawada,1,458(-4),NIIGATA,TURF,Gd,https://db.netkeiba.com/race/202408030507/
202408030507,2024-05-04,1600.0,Sunny,8,2021105746,Altoum,2,5.1,1:32.4,34.4,57,4,3C,Y.Fujioka,2,424(0),NIIGATA,TURF,Gd,https://db.netkeiba.com/race/202408030507/
202408030507,2024-05-04,1600.0,Sunny,8,2021102016,Ecoro Mars,3,7.3,1:32.7,34.8,57,3,3C,Y.Iwata,4,490(-2),NIIGATA,TURF,Gd,https://db.netkeiba.com/race/202408030507/
202408030507,2024-05-04,1600.0,Sunny,8,2021105141,Pacific High,4,7.2,1:33.0,34.6,55,1,3F,K.Sameshima,3,454(+6),NIIGATA,TURF,Gd,https://db.netkeiba.com/race/202408030507/
202408030507,2024-05-04,1600.0,Sunny,8,2021100284,Yamanin Alacria,5,194.1,1:33.7,34.7,57,7,3C,K.Tanaka,6,476(0),NIIGATA,TURF,Gd,https://db.netkeiba.com/race/202408030507/
202408030507,2024-05-04,1600.0,Sunny,8,2021103696,Bradshaw,6,243.6,1:34.4,35.6,57,2,3C,R.Kozaki,8,450(0),NIIGATA,TURF,Gd,https://db.netkeiba.com/race/202408030507/
202408030507,2024-05-04,1600.0,Sunny,8,2021105176,Kurino Spinel,7,195.5,1:34.5,35.7,54,5,3F,K.Taguchi,7,450(+4),NIIGATA,TURF,Gd,https://db.netkeiba.com/race/202408030507/
202408030507,2024-05-04,1600.0,Sunny,8,2021102235,Black Sunrise,8,14.0,1:35.4,37.3,55,8,3F,F.Matsuwaka,5,464(-6),NIIGATA,TURF,Gd,https://db.netkeiba.com/race/202408030507/
202408030909,2024-05-18,1600.0,Sunny,12,2021105618,Smart Weiss,1,2.9,1:32.9,33.6,57,7,3C,Y.Take,2,478(+2),NIIGATA,TURF,Gd,https://db.netkeiba.com/race/202408030909/
202408030909,2024-05-18,1600.0,Sunny,12,2021105746,Altoum,2,2.0,1:33.0,33.9,57,5,3C,Y.Fujioka,1,422(-2),NIIGATA,TURF,Gd,https://db.netkeiba.com/race/202408030909/
202408030909,2024-05-18,1600.0,Sunny,12,2021104242,Shonan Raul,3,29.9,1:33.2,33.8,55,6,3F,K.Taguchi,8,418(+2),NIIGATA,TURF,Gd,https://db.netkeiba.com/race/202408030909/
202408030909,2024-05-18,1600.0,Sunny,12,2021103520,Del Cielo,4,31.8,1:33.3,33.6,57,10,3C,M.Iwata,9,408(0),NIIGATA,TURF,Gd,https://db.netkeiba.com/race/202408030909/
202408030909,2024-05-18,1600.0,Sunny,12,2021103519,Lila Bonito,5,16.2,1:33.3,34.0,55,4,3F,S.Hamanaka,5,458(-2),NIIGATA,TURF,Gd,https://db.netkeiba.com/race/202408030909/
202408030909,2024-05-18,1600.0,Sunny,12,2021100683,Be Glad,6,12.0,1:33.5,34.7,55,13,3F,A.Nishimura,3,436(-6),NIIGATA,TURF,Gd,https://db.netkeiba.com/race/202408030909/
202408030909,2024-05-18,1600.0,Sunny,12,2021105160,Caelum,7,23.1,1:33.5,33.4,57,2,3C,A.Saito,7,476(0),NIIGATA,TURF,Gd,https://db.netkeiba.com/race/202408030909/
202408030909,2024-05-18,1600.0,Sunny,12,2021105926,Redington,8,14.8,1:33.5,33.5,57,12,3C,F.Matsuwaka,4,480(+6),NIIGATA,TURF,Gd,https://db.netkeiba.com/race/202408030909/
202408030909,2024-05-18,1600.0,Sunny,12,2021105528,Satono Empire,9,40.3,1:34.1,34.6,57,8,3C,R.Sakai,10,412(-24),NIIGATA,TURF,Gd,https://db.netkeiba.com/race/202408030909/
202408030909,2024-05-18,1600.0,Sunny,12,2021104752,Laudable,10,49.7,1:34.1,34.4,57,9,3C,K.Matsuyama,11,510(0),NIIGATA,TURF,Gd,https://db.netkeiba.com/race/202408030909/
202408030909,2024-05-18,1600.0,Sunny,12,2021102952,Obey Your Master,11,119.0,1:34.1,34.5,57,3,3C,Y.Furukawa,12,450(-2),NIIGATA,TURF,Gd,https://db.netkeiba.com/race/202408030909/
202408030909,2024-05-18,1600.0,Sunny,12,2021105176,Kurino Spinel,12,251.0,1:34.6,34.3,55,14,3F,R.Wada,13,452(+2),NIIGATA,TURF,Gd,https://db.netkeiba.com/race/202408030909/
202408030909,2024-05-18,1600.0,Sunny,12,2021110072,Metiers d'Art,,17.4,,,55,1,3F,K.Sameshima,6,482(+6),NIIGATA,TURF,Gd,https://db.netkeiba.com/race/202408030909/
202408030909,2024-05-18,1600.0,Sunny,12,2021103449,Moani,,,,,55,11,3F,T.Danno,,,NIIGATA,TURF,Gd,https://db.netkeiba.com/race/202408030909/
202408031007,2024-05-19,1200.0,LightRain,11,2021103278,Meisho Migliore,1,3.5,1:08.3,33.8,52,6,3F,R.Takasugi,2,482(-2),NIIGATA,TURF,Gd,https://db.netkeiba.com/race/202408031007/
202408031007,2024-05-19,1200.0,LightRain,11,2021101102,Namura Eden,2,10.6,1:08.4,34.2,52,1,3F,S.Yoshimura,5,420(0),NIIGATA,TURF,Gd,https://db.netkeiba.com/race/202408031007/
202408031007,2024-05-19,1200.0,LightRain,11,2021102561,Key Wave,3,53.2,1:08.6,33.8,57,9,3C,R.Wada,10,426(+10),NIIGATA,TURF,Gd,https://db.netkeiba.com/race/202408031007/
202408031007,2024-05-19,1200.0,LightRain,11,2021102164,Drunk Man,4,48.1,1:08.6,34.1,57,10,3C,Y.Hishida,9,450(-12),NIIGATA,TURF,Gd,https://db.netkeiba.com/race/202408031007/
202408031007,2024-05-19,1200.0,LightRain,11,2021100359,Sky Canvas,6,8.5,1:08.7,35.0,55,5,3F,A.Tomita,4,438(+18),NIIGATA,TURF,Gd,https://db.netkeiba.com/race/202408031007/
202408031007,2024-05-19,1200.0,LightRain,11,2021106586,Loveca Moon,7,21.8,1:08.8,34.5,55,8,3F,T.Danno,8,452(-6),NIIGATA,TURF,Gd,https://db.netkeiba.com/race/202408031007/
202408031007,2024-05-19,1200.0,LightRain,11,2021110033,Passing Shower,8,4.2,1:08.8,35.0,57,11,3C,A.Nishimura,3,494(+4),NIIGATA,TURF,Gd,https://db.netkeiba.com/race/202408031007/
202408031007,2024-05-19,1200.0,LightRain,11,2021102155,Miss Katharine,9,99.1,1:09.5,35.6,54,4,3F,K.Taguchi,11,424(+6),NIIGATA,TURF,Gd,https://db.netkeiba.com/race/202408031007/
202408031007,2024-05-19,1200.0,LightRain,11,2021104140,Grace Rouge,10,17.5,1:10.0,36.1,55,2,3F,K.Sameshima,6,430(0),NIIGATA,TURF,Gd,https://db.netkeiba.com/race/202408031007/
202408031007,2024-05-19,1200.0,LightRain,11,2021101682,Guilty Pleasure,11,18.9,1:10.2,36.2,53,7,3F,K.Nishizuka,7,426(-8),NIIGATA,TURF,Gd,https://db.netkeiba.com/race/202408031007/
202408050109,2024-10-05,1400.0,Sunny,10,2022104617,Voulezvous,1,5.0,1:21.8,33.8,55,8,2F,A.Starke,3,462(-4),NIIGATA,TURF,Gd,https://db.netkeiba.com/race/202408050109/
202408050109,2024-10-05,1400.0,Sunny,10,2022100135,Aime la Vie,2,18.6,1:21.8,33.9,55,4,2F,M.Sakai,8,434(-16),NIIGATA,TURF,Gd,https://db.netkeiba.com/race/202408050109/
202408050109,2024-10-05,1400.0,Sunny,10,2022103304,Dantsu Elan,3,2.9,1:22.0,34.5,55,1,2F,H.Miyuki,1,486(+6),NIIGATA,TURF,Gd,https://db.netkeiba.com/race/202408050109/
202408050109,2024-10-05,1400.0,Sunny,10,2022102887,Namura Clara,4,3.4,1:22.0,34.4,55,3,2F,A.Nishimura,2,478(+6),NIIGATA,TURF,Gd,https://db.netkeiba.com/race/202408050109/
202408050109,2024-10-05,1400.0,Sunny,10,2022101765,Piko Rose,5,36.0,1:22.1,33.8,55,10,2F,Y.Kitamura,9,434(0),NIIGATA,TURF,Gd,https://db.netkeiba.com/race/202408050109/
202408050109,2024-10-05,1400.0,Sunny,10,2022101623,Abu Qir Bay,6,10.5,1:22.2,34.4,55,9,2F,M.Iwata,5,410(+2),NIIGATA,TURF,Gd,https://db.netkeiba.com/race/202408050109/
202408050109,2024-10-05,1400.0,Sunny,10,2022105407,Sunny Salsa,7,8.2,1:22.6,34.6,55,7,2F,M.Nagashima,4,458(-2),NIIGATA,TURF,Gd,https://db.netkeiba.com/race/202408050109/
202408050109,2024-10-05,1400.0,Sunny,10,2022105963,Port de La Mer,8,16.1,1:22.7,34.7,55,2,2F,T.Danno,6,418(0),NIIGATA,TURF,Gd,https://db.netkeiba.com/race/202408050109/
202408050109,2024-10-05,1400.0,Sunny,10,2022101048,Shonan Raffine,9,16.8,1:23.2,35.7,55,5,2F,K.Sameshima,7,392(+2),NIIGATA,TURF,Gd,https://db.netkeiba.com/race/202408050109/
202408050109,2024-10-05,1400.0,Sunny,10,2022102617,A Shin Dahlia,10,233.3,1:24.2,36.3,55,11,2F,K.Taguchi,10,454(-3),NIIGATA,TURF,Gd,https://db.netkeiba.com/race/202408050109/
202408050109,2024-10-05,1400.0,Sunny,10,2022105718,Lily Field,,,,,55,6,2F,R.Wada,,426(-2),NIIGATA,TURF,Gd,https://db.netkeiba.com/race/202408050109/
202408060509,2024-11-16,1400.0,LightRain,9,2022110077,Irifi,2,8.0,1:23.1,34.0,55,8,2F,K.Sameshima,4,424(-2),FUKUSHIMA,TURF,Gd,https://db.netkeiba.com/race/202408060509/
202408060509,2024-11-16,1400.0,LightRain,9,2022109145,Ai Yo Amethyst,3,21.5,1:23.3,34.6,55,6,2F,S.Yoshimura,7,438(0),FUKUSHIMA,TURF,Gd,https://db.netkeiba.com/race/202408060509/
202408060509,2024-11-16,1400.0,LightRain,9,2022100654,Selvans,4,15.0,1:23.5,34.0,56,7,2C,A.Starke,6,428(-2),FUKUSHIMA,TURF,Gd,https://db.netkeiba.com/race/202408060509/
202408060509,2024-11-16,1400.0,LightRain,9,2022100335,Acrux,5,4.5,1:23.8,34.0,56,4,2C,T.Fujikake,3,472(0),FUKUSHIMA,TURF,Gd,https://db.netkeiba.com/race/202408060509/
202408060509,2024-11-16,1400.0,LightRain,9,2022104748,Will Survive,6,2.5,1:23.9,34.3,55,3,2F,C.Demuro,1,436(+8),FUKUSHIMA,TURF,Gd,https://db.netkeiba.com/race/202408060509/
202408060509,2024-11-16,1400.0,LightRain,9,2022100837,Hideno Blue Sky,7,14.3,1:24.6,34.2,56,5,2C,R.Sakai,5,420(0),FUKUSHIMA,TURF,Gd,https://db.netkeiba.com/race/202408060509/
202408060509,2024-11-16,1400.0,LightRain,9,2022105951,Maple Gin,8,240.2,1:24.6,34.4,56,9,2C,T.Watanabe,9,420(-3),FUKUSHIMA,TURF,Gd,https://db.netkeiba.com/race/202408060509/
202408060509,2024-11-16,1400.0,LightRain,9,2022106453,Hurricane,9,70.8,1:25.2,35.1,56,2,2C,Y.Mizuguchi,8,502(-8),FUKUSHIMA,TURF,Gd,https://db.netkeiba.com/race/202408060509/
202408070109,2024-11-30,1200.0,Sunny,9,2022103947,Lux Reserva,1,9.5,1:09.1,33.7,56,5,2G,T.Danno,5,500(-6),NAKAYAMA,TURF,Gd,https://db.netkeiba.com/race/202408070109/
202408070109,2024-11-30,1200.0,Sunny,9,2022101623,Abu Qir Bay,2,7.2,1:09.4,34.0,55,1,2F,M.Iwata,4,416(+6),NAKAYAMA,TURF,Gd,https://db.netkeiba.com/race/202408070109/
202408070109,2024-11-30,1200.0,Sunny,9,2022110012,Magical Shine,3,2.8,1:09.4,33.6,55,3,2F,Y.Take,1,486(-6),NAKAYAMA,TURF,Gd,https://db.netkeiba.com/race/202408070109/
202408070109,2024-11-30,1200.0,Sunny,9,2022104960,Karpuz Pelus,4,3.8,1:09.5,34.6,55,7,2F,H.Miyuki,3,456(-8),NAKAYAMA,TURF,Gd,https://db.netkeiba.com/race/202408070109/
202408070109,2024-11-30,1200.0,Sunny,9,2022104698,Blue Sunset,5,3.6,1:09.5,34.6,55,6,2F,C.Demuro,2,444(-2),NAKAYAMA,TURF,Gd,https://db.netkeiba.com/race/202408070109/
202408070109,2024-11-30,1200.0,Sunny,9,2022101048,Shonan Raffine,6,59.3,1:10.0,34.2,55,9,2F,K.Taguchi,7,394(+2),NAKAYAMA,TURF,Gd,https://db.netkeiba.com/race/202408070109/
202408070109,2024-11-30,1200.0,Sunny,9,2022100837,Hideno Blue Sky,7,101.1,1:10.3,34.2,56,4,2C,Y.Furukawa,8,424(+4),NAKAYAMA,TURF,Gd,https://db.netkeiba.com/race/202408070109/
202408070109,2024-11-30,1200.0,Sunny,9,2022105212,Ecoro Heart,8,10.1,1:10.4,35.5,55,8,2F,K.Matsuyama,6,424(+4),NAKAYAMA,TURF,Gd,https://db.netkeiba.com/race/202408070109/
202408070109,2024-11-30,1200.0,Sunny,9,2022100982,Canal d'Oro,9,300.7,1:10.8,34.7,56,2,2C,T.Yoshimura,9,462(-10),NAKAYAMA,TURF,Gd,https://db.netkeiba.com/race/202408070109/
202408070709,2024-12-21,1400.0,Cloudy,12,2022103525,Laila,1,23.5,1:21.7,34.0,55,5,2F,H.Miyuki,7,464(+6),NAKAYAMA,TURF,Gd,https://db.netkeiba.com/race/202408070709/
202408070709,2024-12-21,1400.0,Cloudy,12,2022103051,Yankee Barows,2,1.6,1:22.0,33.8,56,11,2C,C.Lemaire,1,476(+4),NAKAYAMA,TURF,Gd,https://db.netkeiba.com/race/202408070709/
202408070709,2024-12-21,1400.0,Cloudy,12,2022110056,Food Man,3,7.2,1:22.0,34.1,56,1,2C,K.Matsuyama,3,466(0),NAKAYAMA,TURF,Gd,https://db.netkeiba.com/race/202408070709/
202408070709,2024-12-21,1400.0,Cloudy,12,2022106389,Bel Be Stallone,4,11.0,1:22.0,34.3,55,6,2F,A.Nishimura,4,490(0),NAKAYAMA,TURF,Gd,https://db.netkeiba.com/race/202408070709/
202408070709,2024-12-21,1400.0,Cloudy,12,2022100018,Pod Donner,5,50.1,1:22.3,34.1,56,8,2C,S.Yoshimura,9,470(0),NAKAYAMA,TURF,Gd,https://db.netkeiba.com/race/202408070709/
202408070709,2024-12-21,1400.0,Cloudy,12,2022100654,Selvans,6,71.4,1:22.5,34.7,56,7,2C,M.Iwata,10,436(+8),NAKAYAMA,TURF,Gd,https://db.netkeiba.com/race/202408070709/
202408070709,2024-12-21,1400.0,Cloudy,12,2022106796,Lemon Balm,7,13.9,1:22.5,34.5,55,4,2F,C.Demuro,5,452(-2),NAKAYAMA,TURF,Gd,https://db.netkeiba.com/race/202408070709/
202408070709,2024-12-21,1400.0,Cloudy,12,2022101686,Imbroglio,8,5.8,1:22.6,34.6,55,3,2F,M.Demuro,2,478(-6),NAKAYAMA,TURF,Gd,https://db.netkeiba.com/race/202408070709/
202408070709,2024-12-21,1400.0,Cloudy,12,2022102993,Hiraboku Carrera,9,14.1,1:22.6,34.1,56,12,2C,R.Moore,6,468(-10),NAKAYAMA,TURF,Gd,https://db.netkeiba.com/race/202408070709/
202408070709,2024-12-21,1400.0,Cloudy,12,2022105407,Sunny Salsa,10,129.8,1:23.1,35.1,55,10,2F,M.Nagashima,11,460(0),NAKAYAMA,TURF,Gd,https://db.netkeiba.com/race/202408070709/
202408070709,2024-12-21,1400.0,Cloudy,12,2022105951,Maple Gin,11,430.7,1:23.3,35.1,56,2,2C,T.Watanabe,12,424(+4),NAKAYAMA,TURF,Gd,https://db.netkeiba.com/race/202408070709/
202408070709,2024-12-21,1400.0,Cloudy,12,2022104870,Fukushima Koyo,12,47.9,1:23.4,35.0,55,9,2F,H.Yoshida,8,430(0),NAKAYAMA,TURF,Gd,https://db.netkeiba.com/race/202408070709/
202409010605,2024-03-10,1600.0,Sunny,11,2021102920,Di Speranza,1,4.7,1:33.4,33.1,57,5,3C,M.Demuro,3,520(+4),NAKAYAMA,TURF,Gd,https://db.netkeiba.com/race/202409010605/
202409010605,2024-03-10,1600.0,Sunny,11,2021106815,Meiner Tigre,2,26.6,1:33.5,33.8,57,8,3C,T.Yokoyama,8,478(+2),NAKAYAMA,TURF,Gd,https://db.netkeiba.com/race/202409010605/
202409010605,2024-03-10,1600.0,Sunny,11,2021105746,Altoum,3,4.7,1:33.5,33.8,57,3,3C,B.Murzabayev,2,432(-6),NAKAYAMA,TURF,Gd,https://db.netkeiba.com/race/202409010605/
202409010605,2024-03-10,1600.0,Sunny,11,2021105283,Bloomin' Design,5,17.7,1:33.6,34.2,57,4,3C,A.Nishimura,6,464(+6),NAKAYAMA,TURF,Gd,https://db.netkeiba.com/race/202409010605/
202409010605,2024-03-10,1600.0,Sunny,11,2021103282,Justin Earth,7,2.2,1:33.8,34.4,57,2,3C,K.Sameshima,1,480(0),NAKAYAMA,TURF,Gd,https://db.netkeiba.com/race/202409010605/
202409010605,2024-03-10,1600.0,Sunny,11,2021106594,Yamanin Astron,8,11.6,1:33.9,34.0,56,1,3C,T.Tsunoda,5,480(+2),NAKAYAMA,TURF,Gd,https://db.netkeiba.com/race/202409010605/
202409010605,2024-03-10,1600.0,Sunny,11,2021105039,Gold Sabel,9,7.8,1:34.0,33.9,57,7,3C,Y.Take,4,470(0),NAKAYAMA,TURF,Gd,https://db.netkeiba.com/race/202409010605/
202409010605,2024-03-10,1600.0,Sunny,11,2021100703,Blue Prima Donna,11,402.0,1:35.1,35.8,52,10,3F,T.Hashiki,11,462(-6),NAKAYAMA,TURF,Gd,https://db.netkeiba.com/race/202409010605/
202409010706,2024-03-16,1200.0,Sunny,10,2021101654,Taurus Shine,1,7.3,1:08.7,34.5,57,8,3C,Y.Take,5,472(-4),NAKAYAMA,TURF,Gd,https://db.netkeiba.com/race/202409010706/
202409010706,2024-03-16,1200.0,Sunny,10,2021102461,Band Shell,4,2.8,1:09.0,34.3,57,2,3C,K.Sameshima,1,476(+12),NAKAYAMA,TURF,Gd,https://db.netkeiba.com/race/202409010706/
202409010706,2024-03-16,1200.0,Sunny,10,2021103210,Meisho Sachidake,5,6.8,1:09.1,34.8,57,9,3C,R.Wada,4,482(+2),NAKAYAMA,TURF,Gd,https://db.netkeiba.com/race/202409010706/
202409010706,2024-03-16,1200.0,Sunny,10,2021106648,Bene Merenti,6,56.8,1:09.4,34.6,55,6,3F,F.Matsuwaka,8,436(-2),NAKAYAMA,TURF,Gd,https://db.netkeiba.com/race/202409010706/
202409010706,2024-03-16,1200.0,Sunny,10,2021110023,Extra Buck,7,20.2,1:09.6,34.8,56,1,3C,K.Taguchi,6,486(-2),NAKAYAMA,TURF,Gd,https://db.netkeiba.com/race/202409010706/
202409010706,2024-03-16,1200.0,Sunny,10,2021103493,Iris Azul,8,26.0,1:09.8,35.3,55,5,3F,M.Demuro,7,446(-2),NAKAYAMA,TURF,Gd,https://db.netkeiba.com/race/202409010706/
202409010706,2024-03-16,1200.0,Sunny,10,2021110087,Love Comedy,9,79.6,1:09.9,35.5,55,10,3F,M.Iwata,9,436(+6),NAKAYAMA,TURF,Gd,https://db.netkeiba.com/race/202409010706/
202409010706,2024-03-16,1200.0,Sunny,10,2021106655,Lotus Wand,10,121.3,1:10.1,34.9,55,4,3F,M.Sakai,10,456(+2),NAKAYAMA,TURF,Gd,https://db.netkeiba.com/race/202409010706/
202409020107,2024-03-23,1400.0,Rain,10,2021110039,Courteous Manner,1,4.1,1:23.1,35.5,55,6,3F,Y.Kawada,2,440(-2),NAKAYAMA,TURF,Sft,https://db.netkeiba.com/race/202409020107/
202409020107,2024-03-23,1400.0,Rain,10,2021102013,Salt Queen,2,4.7,1:23.2,35.6,55,8,3F,K.Ikezoe,3,428(-8),NAKAYAMA,TURF,Sft,https://db.netkeiba.com/race/202409020107/
202409020107,2024-03-23,1400.0,Rain,10,2021102952,Obey Your Master,3,11.8,1:23.3,35.4,57,3,3C,Y.Furukawa,6,450(+8),NAKAYAMA,TURF,Sft,https://db.netkeiba.com/race/202409020107/
202409020107,2024-03-23,1400.0,Rain,10,2021104672,Last Christmas,4,21.8,1:23.6,35.8,55,10,3F,R.Sakai,8,464(+6),NAKAYAMA,TURF,Sft,https://db.netkeiba.com/race/202409020107/
202409020107,2024-03-23,1400.0,Rain,10,2021105608,Kazu Gortys,5,7.0,1:23.6,35.7,57,5,3C,B.Murzabayev,4,500(+2),NAKAYAMA,TURF,Sft,https://db.netkeiba.com/race/202409020107/
202409020107,2024-03-23,1400.0,Rain,10,2021103125,Copano Antonio,6,97.6,1:23.8,35.8,54,7,3C,S.Yoshimura,9,478(+2),NAKAYAMA,TURF,Sft,https://db.netkeiba.com/race/202409020107/
202409020107,2024-03-23,1400.0,Rain,10,2021105812,Vip Genie,7,19.7,1:24.0,35.8,57,9,3C,F.Matsuwaka,7,486(+14),NAKAYAMA,TURF,Sft,https://db.netkeiba.com/race/202409020107/
202409020107,2024-03-23,1400.0,Rain,10,2021105176,Kurino Spinel,8,224.0,1:24.4,36.1,54,2,3F,K.Taguchi,10,446(-2),NAKAYAMA,TURF,Sft,https://db.netkeiba.com/race/202409020107/
202409020107,2024-03-23,1400.0,Rain,10,2021105773,Jun Tone Fu,9,7.9,1:24.4,36.2,57,1,3C,M.Iwata,5,512(+28),NAKAYAMA,TURF,Sft,https://db.netkeiba.com/race/202409020107/
202409020107,2024-03-23,1400.0,Rain,10,2021105646,Taisei Response,10,2.9,1:24.4,36.4,57,4,3C,C.Lemaire,1,492(+2),NAKAYAMA,TURF,Sft,https://db.netkeiba.com/race/202409020107/
202409020405,2024-03-31,1600.0,Cloudy,9,2021105746,Altoum,2,3.9,1:34.5,33.6,57,7,3C,Y.Fujioka,2,424(-8),NAKAYAMA,TURF,Gd,https://db.netkeiba.com/race/202409020405/
202409020405,2024-03-31,1600.0,Cloudy,9,2021106815,Meiner Tigre,3,2.5,1:34.5,33.8,57,9,3C,T.Yokoyama,1,474(-4),NAKAYAMA,TURF,Gd,https://db.netkeiba.com/race/202409020405/
202409020405,2024-03-31,1600.0,Cloudy,9,2021103519,Lila Bonito,4,14.8,1:34.7,34.0,55,3,3F,S.Hamanaka,6,458(-12),NAKAYAMA,TURF,Gd,https://db.netkeiba.com/race/202409020405/
202409020405,2024-03-31,1600.0,Cloudy,9,2021104830,Gloria Laus,5,6.4,1:34.8,34.4,57,4,3C,H.Miyuki,4,492(-6),NAKAYAMA,TURF,Gd,https://db.netkeiba.com/race/202409020405/
202409020405,2024-03-31,1600.0,Cloudy,9,2021105283,Bloomin' Design,6,4.2,1:35.1,34.6,57,5,3C,A.Nishimura,3,464(0),NAKAYAMA,TURF,Gd,https://db.netkeiba.com/race/202409020405/
202409020405,2024-03-31,1600.0,Cloudy,9,2021107255,Z Spunky,7,81.0,1:35.1,34.4,57,2,3C,K.Fujioka,8,456(-5),NAKAYAMA,TURF,Gd,https://db.netkeiba.com/race/202409020405/
202409020405,2024-03-31,1600.0,Cloudy,9,2021104667,Sol Amazon,8,270.1,1:36.1,35.1,54,1,3C,S.Yoshimura,9,452(+2),NAKAYAMA,TURF,Gd,https://db.netkeiba.com/race/202409020405/
202409020405,2024-03-31,1600.0,Cloudy,9,2021102718,Nobori Shoryu,9,47.1,1:36.4,35.8,56,8,3C,T.Tsunoda,7,456(-2),NAKAYAMA,TURF,Gd,https://db.netkeiba.com/race/202409020405/
202409020506,2024-04-06,1200.0,Sunny,10,2021102461,Band Shell,2,2.3,1:08.8,33.9,57,4,3C,J.Moreira,1,474(-2),FUKUSHIMA,TURF,Gd,https://db.netkeiba.com/race/202409020506/
202409020506,2024-04-06,1200.0,Sunny,10,2021110049,Awaking,4,6.0,1:08.9,33.8,57,8,3C,R.Sakai,3,496(-4),FUKUSHIMA,TURF,Gd,https://db.netkeiba.com/race/202409020506/
202409020506,2024-04-06,1200.0,Sunny,10,2021106615,Can See Angel,5,10.0,1:09.0,34.1,55,1,3F,K.Matsuyama,6,460(+6),FUKUSHIMA,TURF,Gd,https://db.netkeiba.com/race/202409020506/
202409020506,2024-04-06,1200.0,Sunny,10,2021105812,Vip Genie,6,97.0,1:09.0,33.4,57,3,3C,F.Matsuwaka,7,478(-8),FUKUSHIMA,TURF,Gd,https://db.netkeiba.com/race/202409020506/
202409020506,2024-04-06,1200.0,Sunny,10,2021104928,Trapeziste,7,6.2,1:09.1,34.3,57,9,3C,B.Murzabayev,4,520(+4),FUKUSHIMA,TURF,Gd,https://db.netkeiba.com/race/202409020506/
202409020506,2024-04-06,1200.0,Sunny,10,2021106586,Loveca Moon,8,102.3,1:09.2,34.0,52,5,3F,S.Imamura,8,458(-8),FUKUSHIMA,TURF,Gd,https://db.netkeiba.com/race/202409020506/
202409020506,2024-04-06,1200.0,Sunny,10,2021105773,Jun Tone Fu,9,149.9,1:09.2,33.7,57,2,3C,M.Iwata,10,508(-4),FUKUSHIMA,TURF,Gd,https://db.netkeiba.com/race/202409020506/
202409020506,2024-04-06,1200.0,Sunny,10,2021103837,Queen's Shaula,10,109.2,1:09.3,34.0,54,6,3F,T.Tsunoda,9,404(-12),FUKUSHIMA,TURF,Gd,https://db.netkeiba.com/race/202409020506/
202410010309,2024-01-20,1200.0,Rain,7,2021100899,Big Dream,1,1.8,1:09.9,35.9,57,1,3C,H.Yoshida,1,522(0),NAKAYAMA,TURF,Yld,https://db.netkeiba.com/race/202410010309/
202410010309,2024-01-20,1200.0,Rain,7,2021104404,Chou Cream,3,3.1,1:10.0,36.2,55,2,3F,H.Miyuki,2,430(+12),NAKAYAMA,TURF,Yld,https://db.netkeiba.com/race/202410010309/
202410010309,2024-01-20,1200.0,Rain,7,2021109123,Yume Kanauken,4,44.1,1:10.5,35.8,55,5,3F,G.Maruyama,6,410(-2),NAKAYAMA,TURF,Yld,https://db.netkeiba.com/race/202410010309/
202410010309,2024-01-20,1200.0,Rain,7,2021101386,Call Me Maybe,5,178.0,1:11.4,35.7,55,7,3F,M.Okabe,7,428(-5),NAKAYAMA,TURF,Yld,https://db.netkeiba.com/race/202410010309/
202410010309,2024-01-20,1200.0,Rain,7,2021104140,Grace Rouge,6,13.8,1:11.4,37.5,55,6,3F,D.Sasaki,4,406(-14),NAKAYAMA,TURF,Yld,https://db.netkeiba.com/race/202410010309/
202410010309,2024-01-20,1200.0,Rain,7,2021102562,Pulp Fiction,7,17.0,1:11.5,36.9,55,4,3F,Y.Kitamura,5,438(0),NAKAYAMA,TURF,Yld,https://db.netkeiba.com/race/202410010309/
202410010709,2024-02-03,1200.0,LightRain,12,2021102320,Pair Pollux,1,2.2,1:08.7,35.1,57,10,3C,F.Matsuwaka,1,474(-6),TOKYO,TURF,Gd,https://db.netkeiba.com/race/202410010709/
202410010709,2024-02-03,1200.0,LightRain,12,2021105068,Kurino Hallelujah,3,7.4,1:09.5,35.7,55,2,3F,A.Tomita,3,466(0),TOKYO,TURF,Gd,https://db.netkeiba.com/race/202410010709/
202410010709,2024-02-03,1200.0,LightRain,12,2021102433,Art Form,4,27.1,1:09.6,35.5,55,6,3F,A.Saito,7,440(+12),TOKYO,TURF,Gd,https://db.netkeiba.com/race/202410010709/
202410010709,2024-02-03,1200.0,LightRain,12,2021102562,Pulp Fiction,5,73.5,1:09.7,35.7,55,1,3F,S.Akiyama,12,430(-8),TOKYO,TURF,Gd,https://db.netkeiba.com/race/202410010709/
202410010709,2024-02-03,1200.0,LightRain,12,2021105175,St Kilda,6,44.8,1:09.7,35.4,57,5,3C,Y.Kitamura,9,466(-2),TOKYO,TURF,Gd,https://db.netkeiba.com/race/202410010709/
202410010709,2024-02-03,1200.0,LightRain,12,2021104481,Beer for Now,7,9.0,1:09.9,36.0,55,8,3F,R.Kobayashi,5,438(-4),TOKYO,TURF,Gd,https://db.netkeiba.com/race/202410010709/
202410010709,2024-02-03,1200.0,LightRain,12,2021106648,Bene Merenti,8,18.9,1:10.0,35.7,55,4,3F,D.Sasaki,6,432(-2),TOKYO,TURF,Gd,https://db.netkeiba.com/race/202410010709/
202410010709,2024-02-03,1200.0,LightRain,12,2021106854,Happier Than Ever,9,73.0,1:10.1,36.3,57,12,3C,K.Fujioka,11,434(-4),TOKYO,TURF,Gd,https://db.netkeiba.com/race/202410010709/
202410010709,2024-02-03,1200.0,LightRain,12,2021109114,Aitaka,10,50.8,1:10.1,35.6,55,7,3F,N.Fujita,10,402(-12),TOKYO,TURF,Gd,https://db.netkeiba.com/race/202410010709/
202410010709,2024-02-03,1200.0,LightRain,12,2021104404,Chou Cream,12,7.6,1:10.3,36.7,55,9,3F,H.Yoshida,4,426(-4),TOKYO,TURF,Gd,https://db.netkeiba.com/race/202410010709/
202410020709,2024-03-02,1200.0,Sunny,13,2021101598,Uncle Cross,1,3.0,1:09.8,34.8,57,6,3C,Y.Nagaoka,1,462(0),NAKAYAMA,TURF,Yld,https://db.netkeiba.com/race/202410020709/
202410020709,2024-03-02,1200.0,Sunny,13,2021100356,Cool Baby,2,28.2,1:10.0,35.6,55,3,3F,K.Ogino,8,464(0),NAKAYAMA,TURF,Yld,https://db.netkeiba.com/race/202410020709/
202410020709,2024-03-02,1200.0,Sunny,13,2021110002,World Series,3,4.2,1:10.2,35.2,57,9,3C,K.Fujioka,2,454(+2),NAKAYAMA,TURF,Yld,https://db.netkeiba.com/race/202410020709/
202410020709,2024-03-02,1200.0,Sunny,13,2021106648,Bene Merenti,4,24.5,1:10.2,35.4,55,4,3F,A.Tomita,7,438(+6),NAKAYAMA,TURF,Yld,https://db.netkeiba.com/race/202410020709/
202410020709,2024-03-02,1200.0,Sunny,13,2021105175,St Kilda,5,36.4,1:10.2,34.9,57,11,3C,M.Nagashima,10,466(0),NAKAYAMA,TURF,Yld,https://db.netkeiba.com/race/202410020709/
202410020709,2024-03-02,1200.0,Sunny,13,2021102054,Lux Paradis,6,28.2,1:10.2,35.7,55,7,3F,Y.Tannai,9,406(+4),NAKAYAMA,TURF,Yld,https://db.netkeiba.com/race/202410020709/
202410020709,2024-03-02,1200.0,Sunny,13,2021104672,Last Christmas,7,23.2,1:10.4,35.3,55,13,3F,Y.Hishida,6,458(+6),NAKAYAMA,TURF,Yld,https://db.netkeiba.com/race/202410020709/
202410020709,2024-03-02,1200.0,Sunny,13,2021103493,Iris Azul,8,8.4,1:10.5,35.9,55,1,3F,Y.Tsunoda,5,448(-2),NAKAYAMA,TURF,Yld,https://db.netkeiba.com/race/202410020709/
202410020709,2024-03-02,1200.0,Sunny,13,2021102295,Chuwa Career,9,5.6,1:10.8,36.1,55,10,3F,M.Katsuura,4,504(+4),NAKAYAMA,TURF,Yld,https://db.netkeiba.com/race/202410020709/
202410020709,2024-03-02,1200.0,Sunny,13,2021100248,Seiun Deseo,10,5.0,1:11.0,36.1,55,12,3F,H.Miyuki,3,470(-4),NAKAYAMA,TURF,Yld,https://db.netkeiba.com/race/202410020709/
202410020709,2024-03-02,1200.0,Sunny,13,2021100429,T M Bonita,11,505.6,1:11.0,35.5,55,8,3F,R.Kobayashi,12,456(+4),NAKAYAMA,TURF,Yld,https://db.netkeiba.com/race/202410020709/
202410020709,2024-03-02,1200.0,Sunny,13,2021101386,Call Me Maybe,12,315.4,1:11.1,35.6,55,5,3F,M.Okabe,11,428(-10),NAKAYAMA,TURF,Yld,https://db.netkeiba.com/race/202410020709/
202410020709,2024-03-02,1200.0,Sunny,13,2021100015,Kiran,13,536.1,1:11.1,35.8,55,2,3F,H.Mayuzumi,13,376(-8),NAKAYAMA,TURF,Yld,https://db.netkeiba.com/race/202410020709/
