race_id,date,distance,weather,num_horses,horse_id,horse_name,FP,odds_win,time,last3f,weight,PP,sex_age,jockey,pop_win,horse_weight,venue,surface_type,track_condition,url_jp,target_win,sex,age,weather_Cloudy,weather_LightRain,weather_Rain,weather_Snow,weather_Sunny,weather_nan,sex_2,sex_3,sex_nan
202405010309,2024-02-03,1400.0,Sunny,8,2021103559,Omega Wink,1.0,3.7,1:21.1,33.5,55,7,3F,T.Yokoyama,2.0,470(-4),TOKYO,TURF,Gd,https://db.netkeiba.com/race/202405010309/,1,3,3,False,False,False,False,True,False,False,True,False
202405010309,2024-02-03,1400.0,Sunny,8,2021106615,Can See Angel,3.0,30.3,1:21.5,33.4,55,3,3F,A.Sugawara,6.0,454(-2),TOKYO,TURF,Gd,https://db.netkeiba.com/race/202405010309/,0,3,3,False,False,False,False,True,False,False,True,False
202405010309,2024-02-03,1400.0,Sunny,8,2021105974,Barone,5.0,9.0,1:21.5,33.5,55,1,3F,C.Lemaire,4.0,476(+8),TOKYO,TURF,Gd,https://db.netkeiba.com/race/202405010309/,0,3,3,False,False,False,False,True,False,False,True,False
202405010309,2024-02-03,1400.0,Sunny,8,2021105358,Asti Spumante,6.0,11.8,1:21.6,33.4,55,5,3F,R.King,5.0,414(-4),TOKYO,TURF,Gd,https://db.netkeiba.com/race/202405010309/,0,3,3,False,False,False,False,True,False,False,True,False
202405010309,2024-02-03,1400.0,Sunny,8,2021100610,Asagiri,7.0,68.0,1:22.4,33.9,55,8,3F,K.Miura,8.0,446(-8),TOKYO,TURF,Gd,https://db.netkeiba.com/race/202405010309/,0,3,3,False,False,False,False,True,False,False,True,False
202405010309,2024-02-03,1400.0,Sunny,8,2021101289,Dino Sunrise,8.0,53.2,1:22.5,34.7,55,6,3F,R.Piechulek,7.0,448(-2),TOKYO,TURF,Gd,https://db.netkeiba.com/race/202405010309/,0,3,3,False,False,False,False,True,False,False,True,False
202405010507,2024-02-10,1400.0,Sunny,13,2021110160,Sonshi,1.0,1.7,1:20.9,33.0,57,4,3C,Y.Kawada,1.0,486(+8),TOKYO,TURF,Gd,https://db.netkeiba.com/race/202405010507/,1,3,3,False,False,False,False,True,False,False,True,False
202405010507,2024-02-10,1400.0,Sunny,13,2021104908,Nicholaus,2.0,4.9,1:21.4,33.0,57,9,3C,T.Yokoyama,2.0,448(+14),TOKYO,TURF,Gd,https://db.netkeiba.com/race/202405010507/,0,3,3,False,False,False,False,True,False,False,True,False
202405010507,2024-02-10,1400.0,Sunny,13,2021105609,Spark Richard,3.0,9.1,1:21.5,34.3,57,12,3C,H.Tanabe,4.0,482(+12),TOKYO,TURF,Gd,https://db.netkeiba.com/race/202405010507/,0,3,3,False,False,False,False,True,False,False,True,False
202405010507,2024-02-10,1400.0,Sunny,13,2021103535,Shines on You,4.0,20.0,1:21.8,34.7,57,7,3C,K.Matsuyama,5.0,448(-4),TOKYO,TURF,Gd,https://db.netkeiba.com/race/202405010507/,0,3,3,False,False,False,False,True,False,False,True,False
202405010507,2024-02-10,1400.0,Sunny,13,2021101023,Eifer Battle,5.0,43.5,1:22.0,33.4,55,11,3C,N.Fujita,8.0,444(0),TOKYO,TURF,Gd,https://db.netkeiba.com/race/202405010507/,0,3,3,False,False,False,False,True,False,False,True,False
202405010507,2024-02-10,1400.0,Sunny,13,2021105668,Buster Call,6.0,5.2,1:22.0,33.6,57,6,3C,C.Lemaire,3.0,496(+8),TOKYO,TURF,Gd,https://db.netkeiba.com/race/202405010507/,0,3,3,False,False,False,False,True,False,False,True,False
202405010507,2024-02-10,1400.0,Sunny,13,2021100610,Asagiri,7.0,194.2,1:22.1,34.0,52,5,3F,S.Kobayashi,12.0,448(+2),TOKYO,TURF,Gd,https://db.netkeiba.com/race/202405010507/,0,3,3,False,False,False,False,True,False,False,True,False
202405010507,2024-02-10,1400.0,Sunny,13,2021102280,David Tesoro,8.0,53.4,1:22.3,34.2,56,2,3C,Y.Hara,9.0,470(0),TOKYO,TURF,Gd,https://db.netkeiba.com/race/202405010507/,0,3,3,False,False,False,False,True,False,False,True,False
202405010507,2024-02-10,1400.0,Sunny,13,2021106939,Taisei Festa,9.0,39.7,1:22.4,33.8,57,10,3C,K.Yokoyama,7.0,492(+8),TOKYO,TURF,Gd,https://db.netkeiba.com/race/202405010507/,0,3,3,False,False,False,False,True,False,False,True,False
202405010507,2024-02-10,1400.0,Sunny,13,2021102388,Kaiko,10.0,101.6,1:22.5,33.9,57,13,3G,A.Sugawara,10.0,448(-4),TOKYO,TURF,Gd,https://db.netkeiba.com/race/202405010507/,0,3,3,False,False,False,False,True,False,False,True,False
202405010507,2024-02-10,1400.0,Sunny,13,2021103695,Because We Can,11.0,516.3,1:22.5,35.0,57,3,3C,K.Kato,13.0,422(+2),TOKYO,TURF,Gd,https://db.netkeiba.com/race/202405010507/,0,3,3,False,False,False,False,True,False,False,True,False
202405010507,2024-02-10,1400.0,Sunny,13,2021101189,Pink Venom,12.0,110.6,1:22.6,35.2,55,1,3F,T.Kowata,11.0,482(+8),TOKYO,TURF,Gd,https://db.netkeiba.com/race/202405010507/,0,3,3,False,False,False,False,True,False,False,True,False
202405010507,2024-02-10,1400.0,Sunny,13,2021100247,Tiger Dragon,13.0,39.2,1:22.7,34.6,56,8,3C,T.Nagano,6.0,448(+16),TOKYO,TURF,Gd,https://db.netkeiba.com/race/202405010507/,0,3,3,False,False,False,False,True,False,False,True,False
202405010805,2024-02-18,1600.0,Sunny,12,2021106069,Pod Theo,1.0,4.0,1:35.7,33.7,57,10,3C,R.King,3.0,470(+2),TOKYO,TURF,Gd,https://db.netkeiba.com/race/202405010805/,1,3,3,False,False,False,False,True,False,False,True,False
202405010805,2024-02-18,1600.0,Sunny,12,2021105871,Sonic Line,2.0,3.6,1:35.8,33.9,57,7,3C,C.Lemaire,2.0,504(+8),TOKYO,TURF,Gd,https://db.netkeiba.com/race/202405010805/,0,3,3,False,False,False,False,True,False,False,True,False
202405010805,2024-02-18,1600.0,Sunny,12,2021103303,Dreaming Up,3.0,49.2,1:36.0,33.6,57,4,3C,Y.Yoshida,10.0,460(+6),TOKYO,TURF,Gd,https://db.netkeiba.com/race/202405010805/,0,3,3,False,False,False,False,True,False,False,True,False
202405010805,2024-02-18,1600.0,Sunny,12,2021106369,Channel Tunnel,4.0,3.2,1:36.0,33.8,57,5,3C,M.Matsuoka,1.0,480(-4),TOKYO,TURF,Gd,https://db.netkeiba.com/race/202405010805/,0,3,3,False,False,False,False,True,False,False,True,False
202405010805,2024-02-18,1600.0,Sunny,12,2021105578,Shonan Rapidus,5.0,5.9,1:36.1,34.2,57,3,3C,K.Tosaki,4.0,484(-2),TOKYO,TURF,Gd,https://db.netkeiba.com/race/202405010805/,0,3,3,False,False,False,False,True,False,False,True,False
202405010805,2024-02-18,1600.0,Sunny,12,2021102106,Tsurumau Katachi,6.0,22.6,1:36.2,34.3,57,11,3C,Y.Ishikawa,6.0,472(-12),TOKYO,TURF,Gd,https://db.netkeiba.com/race/202405010805/,0,3,3,False,False,False,False,True,False,False,True,False
202405010805,2024-02-18,1600.0,Sunny,12,2021106102,Ecoro Raijin,7.0,10.5,1:36.2,34.4,57,8,3C,A.Sugawara,5.0,456(-8),TOKYO,TURF,Gd,https://db.netkeiba.com/race/202405010805/,0,3,3,False,False,False,False,True,False,False,True,False
202405010805,2024-02-18,1600.0,Sunny,12,2021104554,Limerick,8.0,33.5,1:36.4,34.2,57,12,3C,B.Murzabayev,8.0,464(-6),TOKYO,TURF,Gd,https://db.netkeiba.com/race/202405010805/,0,3,3,False,False,False,False,True,False,False,True,False
202405010805,2024-02-18,1600.0,Sunny,12,2021100152,Best of You,9.0,45.9,1:36.4,33.9,57,2,3C,H.Tanabe,9.0,426(+16),TOKYO,TURF,Gd,https://db.netkeiba.com/race/202405010805/,0,3,3,False,False,False,False,True,False,False,True,False
202405010805,2024-02-18,1600.0,Sunny,12,2021104326,Yukino Royal,10.0,28.3,1:36.5,34.7,57,9,3C,S.Ishibashi,7.0,444(0),TOKYO,TURF,Gd,https://db.netkeiba.com/race/202405010805/,0,3,3,False,False,False,False,True,False,False,True,False
202405010805,2024-02-18,1600.0,Sunny,12,2021103326,Mysig,11.0,279.8,1:37.2,34.6,55,1,3F,H.Uchida,12.0,466(-6),TOKYO,TURF,Gd,https://db.netkeiba.com/race/202405010805/,0,3,3,False,False,False,False,True,False,False,True,False
202405010805,2024-02-18,1600.0,Sunny,12,2021104724,Tosen Kleine,12.0,163.4,1:37.5,35.8,55,6,3F,K.Yokoyama,11.0,448(-2),TOKYO,TURF,Gd,https://db.netkeiba.com/race/202405010805/,0,3,3,False,False,False,False,True,False,False,True,False
202405020506,2024-05-04,1400.0,Sunny,10,2021104908,Nicholaus,1.0,3.0,1:20.8,33.4,57,1,3C,T.Yokoyama,2.0,440(+2),NIIGATA,TURF,Gd,https://db.netkeiba.com/race/202405020506/,1,3,3,False,False,False,False,True,False,False,True,False
202405020506,2024-05-04,1400.0,Sunny,10,2021110003,And I Love Her,2.0,2.0,1:20.9,33.7,55,5,3F,K.Tosaki,1.0,480(+6),NIIGATA,TURF,Gd,https://db.netkeiba.com/race/202405020506/,0,3,3,False,False,False,False,True,False,False,True,False
202405020506,2024-05-04,1400.0,Sunny,10,2021106298,Morino Red Star,3.0,6.1,1:21.2,34.3,55,4,3F,A.Tsumura,3.0,472(+8),NIIGATA,TURF,Gd,https://db.netkeiba.com/race/202405020506/,0,3,3,False,False,False,False,True,False,False,True,False
202405020506,2024-05-04,1400.0,Sunny,10,2021106308,Kaito Gut,4.0,10.0,1:21.4,33.3,55,11,3F,A.Sugawara,4.0,464(+4),NIIGATA,TURF,Gd,https://db.netkeiba.com/race/202405020506/,0,3,3,False,False,False,False,True,False,False,True,False
202405020506,2024-05-04,1400.0,Sunny,10,2021103513,L'Hexagone,5.0,37.0,1:21.4,33.6,55,8,3F,T.O'shea,8.0,460(+2),NIIGATA,TURF,Gd,https://db.netkeiba.com/race/202405020506/,0,3,3,False,False,False,False,True,False,False,True,False
202405020506,2024-05-04,1400.0,Sunny,10,2021106648,Bene Merenti,6.0,35.2,1:21.8,33.4,55,10,3F,K.Miura,7.0,434(-4),NIIGATA,TURF,Gd,https://db.netkeiba.com/race/202405020506/,0,3,3,False,False,False,False,True,False,False,True,False
202405020506,2024-05-04,1400.0,Sunny,10,2021105901,Siegrune,7.0,14.1,1:22.0,34.6,55,6,3F,Y.Ishikawa,5.0,466(+12),NIIGATA,TURF,Gd,https://db.netkeiba.com/race/202405020506/,0,3,3,False,False,False,False,True,False,False,True,False
202405020506,2024-05-04,1400.0,Sunny,10,2021105397,Aphelion,8.0,22.1,1:22.3,33.7,57,7,3C,H.Kitamura,6.0,476(-4),NIIGATA,TURF,Gd,https://db.netkeiba.com/race/202405020506/,0,3,3,False,False,False,False,True,False,False,True,False
202405020506,2024-05-04,1400.0,Sunny,10,2021100060,Leo Empress,9.0,446.5,1:22.3,34.3,55,9,3F,K.Ogino,10.0,478(-6),NIIGATA,TURF,Gd,https://db.netkeiba.com/race/202405020506/,0,3,3,False,False,False,False,True,False,False,True,False
202405020506,2024-05-04,1400.0,Sunny,10,2021102521,Shisocho,10.0,439.4,1:24.3,35.6,55,2,3F,R.Sugahara,9.0,446(-10),NIIGATA,TURF,Gd,https://db.netkeiba.com/race/202405020506/,0,3,3,False,False,False,False,True,False,False,True,False
202405020506,2024-05-04,1400.0,Sunny,10,2021101223,Queen's Hat,,,,,55,3,3F,K.Maruta,,,NIIGATA,TURF,Gd,https://db.netkeiba.com/race/202405020506/,0,3,3,False,False,False,False,True,False,False,True,False
202405021107,2024-05-25,1400.0,Sunny,15,2021105888,Steelblue,1.0,1.7,1:21.0,33.4,55,10,3F,C.Lemaire,1.0,436(+6),TOKYO,TURF,Gd,https://db.netkeiba.com/race/202405021107/,1,3,3,False,False,False,False,True,False,False,True,False
202405021107,2024-05-25,1400.0,Sunny,15,2021106308,Kaito Gut,2.0,8.3,1:21.4,33.6,55,6,3F,G.Maruyama,3.0,460(-4),TOKYO,TURF,Gd,https://db.netkeiba.com/race/202405021107/,0,3,3,False,False,False,False,True,False,False,True,False
202405021107,2024-05-25,1400.0,Sunny,15,2021106298,Morino Red Star,3.0,10.3,1:21.7,34.0,55,12,3F,A.Tsumura,4.0,460(-12),TOKYO,TURF,Gd,https://db.netkeiba.com/race/202405021107/,0,3,3,False,False,False,False,True,False,False,True,False
202405021107,2024-05-25,1400.0,Sunny,15,2021103039,Going My Way,4.0,12.0,1:21.7,33.7,57,2,3C,J.Moreira,5.0,468(-2),TOKYO,TURF,Gd,https://db.netkeiba.com/race/202405021107/,0,3,3,False,False,False,False,True,False,False,True,False
202405021107,2024-05-25,1400.0,Sunny,15,2021105057,On the Venus,5.0,135.8,1:21.9,34.4,55,7,3F,M.Sugihara,11.0,424(+4),TOKYO,TURF,Gd,https://db.netkeiba.com/race/202405021107/,0,3,3,False,False,False,False,True,False,False,True,False
202405021107,2024-05-25,1400.0,Sunny,15,2021100247,Tiger Dragon,6.0,251.7,1:21.9,33.4,53,13,3C,H.Oehara,12.0,438(-10),TOKYO,TURF,Gd,https://db.netkeiba.com/race/202405021107/,0,3,3,False,False,False,False,True,False,False,True,False
202405021107,2024-05-25,1400.0,Sunny,15,2021100152,Best of You,7.0,90.4,1:21.9,34.0,57,11,3C,T.Yokoyama,10.0,418(-4),TOKYO,TURF,Gd,https://db.netkeiba.com/race/202405021107/,0,3,3,False,False,False,False,True,False,False,True,False
202405021107,2024-05-25,1400.0,Sunny,15,2021101023,Eifer Battle,8.0,52.8,1:21.9,33.2,55,3,3C,N.Fujita,9.0,436(-8),TOKYO,TURF,Gd,https://db.netkeiba.com/race/202405021107/,0,3,3,False,False,False,False,True,False,False,True,False
202405021107,2024-05-25,1400.0,Sunny,15,2021105150,Nafarroa,9.0,4.3,1:22.2,34.0,57,4,3C,K.Tosaki,2.0,456(-6),TOKYO,TURF,Gd,https://db.netkeiba.com/race/202405021107/,0,3,3,False,False,False,False,True,False,False,True,False
202405021107,2024-05-25,1400.0,Sunny,15,2021100879,Hakusan Eagle,11.0,20.0,1:22.4,34.2,57,5,3C,T.O'shea,6.0,466(-4),TOKYO,TURF,Gd,https://db.netkeiba.com/race/202405021107/,0,3,3,False,False,False,False,True,False,False,True,False
202405021107,2024-05-25,1400.0,Sunny,15,2021103347,Bogo Sipda,12.0,605.6,1:22.5,34.2,52,8,3F,T.Ishida,15.0,376(+4),TOKYO,TURF,Gd,https://db.netkeiba.com/race/202405021107/,0,3,3,False,False,False,False,True,False,False,True,False
202405021107,2024-05-25,1400.0,Sunny,15,2021103535,Shines on You,13.0,52.7,1:22.8,35.0,56,14,3C,Y.Hara,8.0,440(-6),TOKYO,TURF,Gd,https://db.netkeiba.com/race/202405021107/,0,3,3,False,False,False,False,True,False,False,True,False
202405021107,2024-05-25,1400.0,Sunny,15,2021104050,Nishino Ojo,15.0,293.1,1:24.3,36.3,55,1,3F,Y.Ishikawa,13.0,446(-2),TOKYO,TURF,Gd,https://db.netkeiba.com/race/202405021107/,0,3,3,False,False,False,False,True,False,False,True,False
202405040606,2024-10-20,1400.0,Sunny,8,2022105317,Meant to Be,1.0,5.5,1:24.2,33.1,55,7,2F,M.Matsuoka,3.0,438(0),NIIGATA,TURF,Gd,https://db.netkeiba.com/race/202405040606/,1,2,2,False,False,False,False,True,False,True,False,False
202405040606,2024-10-20,1400.0,Sunny,8,2022105429,Chigiri,2.0,5.3,1:24.5,33.2,55,6,2F,T.Yokoyama,2.0,456(+8),NIIGATA,TURF,Gd,https://db.netkeiba.com/race/202405040606/,0,2,2,False,False,False,False,True,False,True,False,False
202405040606,2024-10-20,1400.0,Sunny,8,2022100737,Seiun Big Bang,3.0,1.3,1:25.1,33.6,56,3,2C,K.Miura,1.0,434(+2),NIIGATA,TURF,Gd,https://db.netkeiba.com/race/202405040606/,0,2,2,False,False,False,False,True,False,True,False,False
202405040606,2024-10-20,1400.0,Sunny,8,2022100336,Friend Beach,4.0,36.2,1:25.2,33.7,55,1,2F,Y.Yoshida,5.0,414(+2),NIIGATA,TURF,Gd,https://db.netkeiba.com/race/202405040606/,0,2,2,False,False,False,False,True,False,True,False,False
202405040606,2024-10-20,1400.0,Sunny,8,2022101983,Miraieno Bouquet,5.0,8.1,1:25.4,34.0,55,4,2F,D.Shibata,4.0,446(+16),NIIGATA,TURF,Gd,https://db.netkeiba.com/race/202405040606/,0,2,2,False,False,False,False,True,False,True,False,False
202405040606,2024-10-20,1400.0,Sunny,8,2022103329,Feliz Navidad,6.0,227.6,1:26.1,34.4,55,5,2F,K.Maruta,7.0,452(-6),NIIGATA,TURF,Gd,https://db.netkeiba.com/race/202405040606/,0,2,2,False,False,False,False,True,False,True,False,False
202405040606,2024-10-20,1400.0,Sunny,8,2022100286,Futaiten Wheel,7.0,85.8,1:26.1,34.3,52,8,2F,T.Ishida,6.0,422(+8),NIIGATA,TURF,Gd,https://db.netkeiba.com/race/202405040606/,0,2,2,False,False,False,False,True,False,True,False,False
202405040606,2024-10-20,1400.0,Sunny,8,2022103041,Camice,8.0,307.8,1:26.4,34.7,55,2,2F,T.Nishimura,8.0,394(-4),NIIGATA,TURF,Gd,https://db.netkeiba.com/race/202405040606/,0,2,2,False,False,False,False,True,False,True,False,False
202406010409,2024-01-13,1600.0,Cloudy,12,2021105956,London Arms,2.0,59.6,1:33.5,34.3,55,5,3F,K.Yokoyama,9.0,438(+4),NAKAYAMA,TURF,Gd,https://db.netkeiba.com/race/202406010409/,0,3,3,True,False,False,False,False,False,False,True,False
202406010409,2024-01-13,1600.0,Cloudy,12,2021106195,Win Dione,3.0,12.4,1:33.6,35.1,55,3,3F,R.Kingscote,6.0,456(0),NAKAYAMA,TURF,Gd,https://db.netkeiba.com/race/202406010409/,0,3,3,True,False,False,False,False,False,False,True,False
202406010409,2024-01-13,1600.0,Cloudy,12,2021105529,Lux Noah,4.0,11.6,1:33.6,34.7,55,2,3F,A.Tsumura,5.0,454(-12),NAKAYAMA,TURF,Gd,https://db.netkeiba.com/race/202406010409/,0,3,3,True,False,False,False,False,False,False,True,False
202406010409,2024-01-13,1600.0,Cloudy,12,2021105801,Mi Anhelo,5.0,2.4,1:33.6,34.2,55,8,3F,C.Lemaire,1.0,478(0),NAKAYAMA,TURF,Gd,https://db.netkeiba.com/race/202406010409/,0,3,3,True,False,False,False,False,False,False,True,False
202406010409,2024-01-13,1600.0,Cloudy,12,2021103559,Omega Wink,6.0,6.9,1:33.7,34.3,55,11,3F,R.Piechulek,4.0,474(+10),NAKAYAMA,TURF,Gd,https://db.netkeiba.com/race/202406010409/,0,3,3,True,False,False,False,False,False,False,True,False
202406010409,2024-01-13,1600.0,Cloudy,12,2021106308,Kaito Gut,7.0,38.2,1:33.7,34.6,55,10,3F,D.Shibata,7.0,462(-4),NAKAYAMA,TURF,Gd,https://db.netkeiba.com/race/202406010409/,0,3,3,True,False,False,False,False,False,False,True,False
202406010409,2024-01-13,1600.0,Cloudy,12,2021101289,Dino Sunrise,8.0,82.3,1:34.0,35.4,55,1,3F,R.King,10.0,450(+2),NAKAYAMA,TURF,Gd,https://db.netkeiba.com/race/202406010409/,0,3,3,True,False,False,False,False,False,False,True,False
202406010409,2024-01-13,1600.0,Cloudy,12,2021100189,Nishino Koigokoro,9.0,59.6,1:34.2,34.2,55,9,3F,Y.Nonaka,8.0,424(0),NAKAYAMA,TURF,Gd,https://db.netkeiba.com/race/202406010409/,0,3,3,True,False,False,False,False,False,False,True,False
202406010409,2024-01-13,1600.0,Cloudy,12,2021100102,Coconut Cute,11.0,662.7,1:34.6,34.9,55,7,3F,K.Maruta,12.0,448(+2),NAKAYAMA,TURF,Gd,https://db.netkeiba.com/race/202406010409/,0,3,3,True,False,False,False,False,False,False,True,False
202406010409,2024-01-13,1600.0,Cloudy,12,2021106655,Lotus Wand,12.0,195.8,1:34.9,35.2,55,12,3F,A.Sugawara,11.0,454(-8),NAKAYAMA,TURF,Gd,https://db.netkeiba.com/race/202406010409/,0,3,3,True,False,False,False,False,False,False,True,False
202406020107,2024-02-24,1600.0,Sunny,11,2021102280,David Tesoro,1.0,8.8,1:35.1,35.6,56,1,3C,Y.Hara,5.0,466(-4),NAKAYAMA,TURF,Yld,https://db.netkeiba.com/race/202406020107/,1,3,3,False,False,False,False,True,False,False,True,False
202406020107,2024-02-24,1600.0,Sunny,11,2021105467,For the Boys,2.0,1.8,1:35.2,35.0,55,11,3F,K.Miura,1.0,426(0),NAKAYAMA,TURF,Yld,https://db.netkeiba.com/race/202406020107/,0,3,3,False,False,False,False,True,False,False,True,False
202406020107,2024-02-24,1600.0,Sunny,11,2021101595,Viva Crown,3.0,4.7,1:35.3,35.4,57,10,3C,T.Ono,2.0,468(-4),NAKAYAMA,TURF,Yld,https://db.netkeiba.com/race/202406020107/,0,3,3,False,False,False,False,True,False,False,True,False
202406020107,2024-02-24,1600.0,Sunny,11,2021101023,Eifer Battle,4.0,6.5,1:35.6,35.1,55,5,3C,N.Fujita,3.0,444(0),NAKAYAMA,TURF,Yld,https://db.netkeiba.com/race/202406020107/,0,3,3,False,False,False,False,True,False,False,True,False
202406020107,2024-02-24,1600.0,Sunny,11,2021104416,Wide Blizzard,5.0,7.2,1:35.7,36.0,57,8,3C,R.King,4.0,446(0),NAKAYAMA,TURF,Yld,https://db.netkeiba.com/race/202406020107/,0,3,3,False,False,False,False,True,False,False,True,False
202406020107,2024-02-24,1600.0,Sunny,11,2021106366,Roanoke Tesoro,6.0,15.0,1:35.8,35.9,55,2,3F,T.Kowata,6.0,466(+10),NAKAYAMA,TURF,Yld,https://db.netkeiba.com/race/202406020107/,0,3,3,False,False,False,False,True,False,False,True,False
202406020107,2024-02-24,1600.0,Sunny,11,2021105006,Kaimana Eleele,7.0,254.7,1:36.1,35.8,55,3,3F,M.Muto,10.0,394(-4),NAKAYAMA,TURF,Yld,https://db.netkeiba.com/race/202406020107/,0,3,3,False,False,False,False,True,False,False,True,False
202406020107,2024-02-24,1600.0,Sunny,11,2021105368,Jun Powerful,8.0,67.6,1:36.5,36.5,52,6,3F,S.Kobayashi,7.0,452(-2),NAKAYAMA,TURF,Yld,https://db.netkeiba.com/race/202406020107/,0,3,3,False,False,False,False,True,False,False,True,False
202406020107,2024-02-24,1600.0,Sunny,11,2021106405,Cheval Aile,9.0,207.7,1:36.6,36.1,57,9,3C,Y.Yoshida,8.0,520(-8),NAKAYAMA,TURF,Yld,https://db.netkeiba.com/race/202406020107/,0,3,3,False,False,False,False,True,False,False,True,False
202406020107,2024-02-24,1600.0,Sunny,11,2021101288,Caramel Milk,10.0,247.2,1:37.3,36.7,55,4,3F,R.Sugahara,9.0,400(-4),NAKAYAMA,TURF,Yld,https://db.netkeiba.com/race/202406020107/,0,3,3,False,False,False,False,True,False,False,True,False
202406020107,2024-02-24,1600.0,Sunny,11,2021100105,That's,11.0,386.4,1:37.7,36.6,57,7,3C,J.Iwabe,11.0,528(-2),NAKAYAMA,TURF,Yld,https://db.netkeiba.com/race/202406020107/,0,3,3,False,False,False,False,True,False,False,True,False
202406020306,2024-03-02,1600.0,Cloudy,12,2021105609,Spark Richard,1.0,3.2,1:35.1,35.4,57,5,3C,M.Demuro,2.0,484(+2),NAKAYAMA,TURF,Yld,https://db.netkeiba.com/race/202406020306/,1,3,3,True,False,False,False,False,False,False,True,False
202406020306,2024-03-02,1600.0,Cloudy,12,2021100152,Best of You,2.0,27.1,1:35.2,35.7,57,7,3C,R.Sakai,6.0,424(-2),NAKAYAMA,TURF,Yld,https://db.netkeiba.com/race/202406020306/,0,3,3,True,False,False,False,False,False,False,True,False
202406020306,2024-03-02,1600.0,Cloudy,12,2021101651,Clean Air,3.0,4.5,1:35.5,35.7,57,4,3C,T.Ono,3.0,472(+2),NAKAYAMA,TURF,Yld,https://db.netkeiba.com/race/202406020306/,0,3,3,True,False,False,False,False,False,False,True,False
202406020306,2024-03-02,1600.0,Cloudy,12,2021104908,Nicholaus,4.0,3.0,1:35.7,35.6,57,9,3C,T.Yokoyama,1.0,438(-10),NAKAYAMA,TURF,Yld,https://db.netkeiba.com/race/202406020306/,0,3,3,True,False,False,False,False,False,False,True,False
202406020306,2024-03-02,1600.0,Cloudy,12,2021107085,Win Acteur,5.0,29.3,1:35.9,35.9,57,2,3C,M.Matsuoka,7.0,430(0),NAKAYAMA,TURF,Yld,https://db.netkeiba.com/race/202406020306/,0,3,3,True,False,False,False,False,False,False,True,False
202406020306,2024-03-02,1600.0,Cloudy,12,2021100247,Tiger Dragon,6.0,43.1,1:36.1,35.9,53,1,3C,H.Oehara,8.0,448(0),NAKAYAMA,TURF,Yld,https://db.netkeiba.com/race/202406020306/,0,3,3,True,False,False,False,False,False,False,True,False
202406020306,2024-03-02,1600.0,Cloudy,12,2021101015,Supervisor,7.0,10.1,1:36.2,36.3,57,10,3C,Y.Yoshida,5.0,458(-2),NAKAYAMA,TURF,Yld,https://db.netkeiba.com/race/202406020306/,0,3,3,True,False,False,False,False,False,False,True,False
202406020306,2024-03-02,1600.0,Cloudy,12,2021106366,Roanoke Tesoro,8.0,155.6,1:36.4,36.3,55,8,3F,T.Kowata,10.0,462(-4),NAKAYAMA,TURF,Yld,https://db.netkeiba.com/race/202406020306/,0,3,3,True,False,False,False,False,False,False,True,False
202406020306,2024-03-02,1600.0,Cloudy,12,2021103325,Karenna Otome,9.0,46.1,1:36.4,36.0,54,11,3F,T.Nagano,9.0,422(-2),NAKAYAMA,TURF,Yld,https://db.netkeiba.com/race/202406020306/,0,3,3,True,False,False,False,False,False,False,True,False
202406020306,2024-03-02,1600.0,Cloudy,12,2021105397,Aphelion,10.0,5.9,1:37.0,37.0,57,6,3C,K.Tosaki,4.0,480(+4),NAKAYAMA,TURF,Yld,https://db.netkeiba.com/race/202406020306/,0,3,3,True,False,False,False,False,False,False,True,False
202406020306,2024-03-02,1600.0,Cloudy,12,2021105937,Precious Shill,11.0,712.5,1:37.6,37.0,55,3,3F,Y.Nonaka,12.0,420(+2),NAKAYAMA,TURF,Yld,https://db.netkeiba.com/race/202406020306/,0,3,3,True,False,False,False,False,False,False,True,False
202406020306,2024-03-02,1600.0,Cloudy,12,2021102560,Scherzo,12.0,692.6,1:39.2,38.9,52,12,3F,S.Kobayashi,11.0,450(-10),NAKAYAMA,TURF,Yld,https://db.netkeiba.com/race/202406020306/,0,3,3,True,False,False,False,False,False,False,True,False
202406020607,2024-03-10,1200.0,Sunny,11,2021106440,Arararara,1.0,1.8,1:08.8,34.9,57,2,3C,Y.Tannai,1.0,448(+8),NAKAYAMA,TURF,Yld,https://db.netkeiba.com/race/202406020607/,1,3,3,False,False,False,False,True,False,False,True,False
202406020607,2024-03-10,1200.0,Sunny,11,2021103667,Quores,2.0,10.6,1:09.2,35.2,55,3,3F,T.Kowata,5.0,474(+6),NAKAYAMA,TURF,Yld,https://db.netkeiba.com/race/202406020607/,0,3,3,False,False,False,False,True,False,False,True,False
202406020607,2024-03-10,1200.0,Sunny,11,2021106666,Reigning Cat,3.0,16.4,1:09.5,35.3,56,1,3C,T.Nagano,6.0,488(+8),NAKAYAMA,TURF,Yld,https://db.netkeiba.com/race/202406020607/,0,3,3,False,False,False,False,True,False,False,True,False
202406020607,2024-03-10,1200.0,Sunny,11,2021100610,Asagiri,4.0,42.1,1:09.5,35.0,52,4,3F,S.Kobayashi,8.0,444(-4),NAKAYAMA,TURF,Yld,https://db.netkeiba.com/race/202406020607/,0,3,3,False,False,False,False,True,False,False,True,False
202406020607,2024-03-10,1200.0,Sunny,11,2021104665,Raisins Noirs,5.0,7.9,1:09.6,34.8,57,6,3C,H.Uchida,3.0,460(-14),NAKAYAMA,TURF,Yld,https://db.netkeiba.com/race/202406020607/,0,3,3,False,False,False,False,True,False,False,True,False
202406020607,2024-03-10,1200.0,Sunny,11,2021106939,Taisei Festa,6.0,8.7,1:09.7,35.2,57,8,3C,S.Ishibashi,4.0,486(-6),NAKAYAMA,TURF,Yld,https://db.netkeiba.com/race/202406020607/,0,3,3,False,False,False,False,True,False,False,True,False
202406020607,2024-03-10,1200.0,Sunny,11,2021105057,On the Venus,7.0,17.9,1:09.9,35.8,51,5,3F,H.Oehara,7.0,426(-2),NAKAYAMA,TURF,Yld,https://db.netkeiba.com/race/202406020607/,0,3,3,False,False,False,False,True,False,False,True,False
202406020607,2024-03-10,1200.0,Sunny,11,2021110001,King's Breath,8.0,4.7,1:10.2,35.8,57,9,3C,H.Kitamura,2.0,494(0),NAKAYAMA,TURF,Yld,https://db.netkeiba.com/race/202406020607/,0,3,3,False,False,False,False,True,False,False,True,False
202406020607,2024-03-10,1200.0,Sunny,11,2021100803,Vilcabamba,9.0,365.3,1:10.7,35.6,57,7,3C,M.Sugihara,11.0,488(-10),NAKAYAMA,TURF,Yld,https://db.netkeiba.com/race/202406020607/,0,3,3,False,False,False,False,True,False,False,True,False
202406020607,2024-03-10,1200.0,Sunny,11,2021101394,Mon Reve,10.0,67.9,1:10.7,35.2,55,11,3F,T.Ono,10.0,472(+4),NAKAYAMA,TURF,Yld,https://db.netkeiba.com/race/202406020607/,0,3,3,False,False,False,False,True,False,False,True,False
202406020607,2024-03-10,1200.0,Sunny,11,2021101279,Shine Venus,11.0,59.2,1:11.1,36.9,55,10,3F,K.Yokoyama,9.0,432(-4),NAKAYAMA,TURF,Yld,https://db.netkeiba.com/race/202406020607/,0,3,3,False,False,False,False,True,False,False,True,False
202406030105,2024-03-23,1200.0,Cloudy,10,2021105485,Erika Carina,1.0,1.5,1:08.0,34.4,55,1,3F,K.Tosaki,1.0,424(+2),NAKAYAMA,TURF,Gd,https://db.netkeiba.com/race/202406030105/,1,3,3,True,False,False,False,False,False,False,True,False
202406030105,2024-03-23,1200.0,Cloudy,10,2021100350,Arranger,2.0,9.0,1:08.3,34.2,57,2,3C,N.Yokoyama,3.0,462(-4),NAKAYAMA,TURF,Gd,https://db.netkeiba.com/race/202406030105/,0,3,3,True,False,False,False,False,False,False,True,False
202406030105,2024-03-23,1200.0,Cloudy,10,2021106666,Reigning Cat,3.0,32.1,1:08.3,34.7,56,4,3C,T.Nagano,8.0,490(+2),NAKAYAMA,TURF,Gd,https://db.netkeiba.com/race/202406030105/,0,3,3,True,False,False,False,False,False,False,True,False
202406030105,2024-03-23,1200.0,Cloudy,10,2021103667,Quores,4.0,4.8,1:08.4,35.1,55,6,3F,T.Kowata,2.0,476(+2),NAKAYAMA,TURF,Gd,https://db.netkeiba.com/race/202406030105/,0,3,3,True,False,False,False,False,False,False,True,False
202406030105,2024-03-23,1200.0,Cloudy,10,2021100356,Cool Baby,5.0,13.3,1:08.5,35.3,54,5,3F,Y.Hara,4.0,470(+6),NAKAYAMA,TURF,Gd,https://db.netkeiba.com/race/202406030105/,0,3,3,True,False,False,False,False,False,False,True,False
202406030105,2024-03-23,1200.0,Cloudy,10,2021100594,Amber Needle,6.0,15.8,1:08.7,34.7,57,10,3C,T.Yokoyama,6.0,480(+8),NAKAYAMA,TURF,Gd,https://db.netkeiba.com/race/202406030105/,0,3,3,True,False,False,False,False,False,False,True,False
202406030105,2024-03-23,1200.0,Cloudy,10,2021105668,Buster Call,7.0,14.7,1:09.0,34.6,57,3,3C,A.Tsumura,5.0,498(+2),NAKAYAMA,TURF,Gd,https://db.netkeiba.com/race/202406030105/,0,3,3,True,False,False,False,False,False,False,True,False
202406030105,2024-03-23,1200.0,Cloudy,10,2021103941,Javanais,8.0,309.6,1:09.5,35.2,52,9,3F,K.Nagahama,10.0,406(-8),NAKAYAMA,TURF,Gd,https://db.netkeiba.com/race/202406030105/,0,3,3,True,False,False,False,False,False,False,True,False
202406030105,2024-03-23,1200.0,Cloudy,10,2021103710,Hermes,9.0,27.1,1:09.7,36.2,54,7,3C,S.Kobayashi,7.0,480(-4),NAKAYAMA,TURF,Gd,https://db.netkeiba.com/race/202406030105/,0,3,3,True,False,False,False,False,False,False,True,False
202406030105,2024-03-23,1200.0,Cloudy,10,2021100662,Benishia,10.0,64.6,1:09.8,34.7,55,8,3F,K.Sameshima,9.0,424(-2),NAKAYAMA,TURF,Gd,https://db.netkeiba.com/race/202406030105/,0,3,3,True,False,False,False,False,False,False,True,False
202406030406,2024-03-31,1600.0,Sunny,11,2021103799,Keikei,1.0,16.9,1:33.7,34.3,57,4,3G,T.Ono,7.0,464(+4),NAKAYAMA,TURF,Gd,https://db.netkeiba.com/race/202406030406/,1,3,3,False,False,False,False,True,False,False,True,False
202406030406,2024-03-31,1600.0,Sunny,11,2021102016,Ecoro Mars,2.0,7.1,1:33.8,34.8,57,9,3C,Y.Iwata,4.0,492(-6),NAKAYAMA,TURF,Gd,https://db.netkeiba.com/race/202406030406/,0,3,3,False,False,False,False,True,False,False,True,False
202406030406,2024-03-31,1600.0,Sunny,11,2021106308,Kaito Gut,3.0,6.6,1:33.9,35.0,55,6,3F,G.Maruyama,3.0,460(-2),NAKAYAMA,TURF,Gd,https://db.netkeiba.com/race/202406030406/,0,3,3,False,False,False,False,True,False,False,True,False
202406030406,2024-03-31,1600.0,Sunny,11,2021101724,Gaju Nori,4.0,26.2,1:34.2,35.1,55,7,3F,Y.Tannai,8.0,462(-4),NAKAYAMA,TURF,Gd,https://db.netkeiba.com/race/202406030406/,0,3,3,False,False,False,False,True,False,False,True,False
202406030406,2024-03-31,1600.0,Sunny,11,2021103809,Muscle Back,5.0,122.6,1:34.3,34.9,57,8,3C,Y.Shibata,9.0,452(-12),NAKAYAMA,TURF,Gd,https://db.netkeiba.com/race/202406030406/,0,3,3,False,False,False,False,True,False,False,True,False
202406030406,2024-03-31,1600.0,Sunny,11,2021101580,Meisho Yozora,6.0,3.4,1:34.3,35.5,55,2,3F,S.Ishibashi,2.0,464(+2),NAKAYAMA,TURF,Gd,https://db.netkeiba.com/race/202406030406/,0,3,3,False,False,False,False,True,False,False,True,False
202406030406,2024-03-31,1600.0,Sunny,11,2021100152,Best of You,7.0,8.9,1:34.4,35.4,57,1,3C,H.Tanabe,5.0,424(0),NAKAYAMA,TURF,Gd,https://db.netkeiba.com/race/202406030406/,0,3,3,False,False,False,False,True,False,False,True,False
202406030406,2024-03-31,1600.0,Sunny,11,2021106395,Happy Surprise,8.0,150.5,1:34.6,34.6,54,11,3C,K.Nagahama,10.0,442(-6),NAKAYAMA,TURF,Gd,https://db.netkeiba.com/race/202406030406/,0,3,3,False,False,False,False,True,False,False,True,False
202406030406,2024-03-31,1600.0,Sunny,11,2021104137,Mieno Bravo,9.0,10.2,1:35.0,35.8,55,3,3F,K.Maruta,6.0,468(-6),NAKAYAMA,TURF,Gd,https://db.netkeiba.com/race/202406030406/,0,3,3,False,False,False,False,True,False,False,True,False
202406030406,2024-03-31,1600.0,Sunny,11,2021105905,Sesemann,10.0,2.8,1:35.0,35.8,57,5,3C,Y.Ishikawa,1.0,494(+10),NAKAYAMA,TURF,Gd,https://db.netkeiba.com/race/202406030406/,0,3,3,False,False,False,False,True,False,False,True,False
202406030406,2024-03-31,1600.0,Sunny,11,2021102367,Laser Beam,11.0,631.3,1:37.7,36.9,57,10,3C,J.Iwabe,11.0,408(-6),NAKAYAMA,TURF,Gd,https://db.netkeiba.com/race/202406030406/,0,3,3,False,False,False,False,True,False,False,True,False
202406040909,2024-09-29,1600.0,Cloudy,9,2022101250,Kurino Mei,1.0,18.4,1:35.2,34.3,55,2,2F,D.Sasaki,4.0,444(0),NAKAYAMA,TURF,Gd,https://db.netkeiba.com/race/202406040909/,1,2,2,True,False,False,False,False,False,True,False,False
202406040909,2024-09-29,1600.0,Cloudy,9,2022106803,Mirada Caliente,2.0,52.2,1:35.2,34.9,55,8,2F,Y.Ishikawa,8.0,470(-4),NAKAYAMA,TURF,Gd,https://db.netkeiba.com/race/202406040909/,0,2,2,True,False,False,False,False,False,True,False,False
202406040909,2024-09-29,1600.0,Cloudy,9,2022101906,Kyoei Bonita,3.0,34.7,1:35.2,34.5,55,4,2F,M.Matsuoka,7.0,448(+2),NAKAYAMA,TURF,Gd,https://db.netkeiba.com/race/202406040909/,0,2,2,True,False,False,False,False,False,True,False,False
202406040909,2024-09-29,1600.0,Cloudy,9,2022105985,Sena Marine,4.0,6.3,1:35.3,34.7,55,1,2F,K.Tosaki,2.0,512(+10),NAKAYAMA,TURF,Gd,https://db.netkeiba.com/race/202406040909/,0,2,2,True,False,False,False,False,False,True,False,False
202406040909,2024-09-29,1600.0,Cloudy,9,2022105185,Embroidery,5.0,1.2,1:35.3,34.1,55,6,2F,C.Lemaire,1.0,480(0),NAKAYAMA,TURF,Gd,https://db.netkeiba.com/race/202406040909/,0,2,2,True,False,False,False,False,False,True,False,False
202406040909,2024-09-29,1600.0,Cloudy,9,2022101574,O K Smile,6.0,33.9,1:35.7,35.2,55,3,2F,A.Sugawara,6.0,416(-8),NAKAYAMA,TURF,Gd,https://db.netkeiba.com/race/202406040909/,0,2,2,True,False,False,False,False,False,True,False,False
202406040909,2024-09-29,1600.0,Cloudy,9,2022105429,Chigiri,7.0,25.3,1:36.1,35.2,55,7,2F,Y.Take,5.0,448(-8),NAKAYAMA,TURF,Gd,https://db.netkeiba.com/race/202406040909/,0,2,2,True,False,False,False,False,False,True,False,False
202406040909,2024-09-29,1600.0,Cloudy,9,2022100216,Alma Grace,8.0,119.1,1:36.5,35.3,55,5,2F,K.Teetan,9.0,454(-2),NAKAYAMA,TURF,Gd,https://db.netkeiba.com/race/202406040909/,0,2,2,True,False,False,False,False,False,True,False,False
202406040909,2024-09-29,1600.0,Cloudy,9,2022104781,Go So Far,9.0,9.6,1:36.8,35.9,55,9,2F,T.Yokoyama,3.0,456(+6),NAKAYAMA,TURF,Gd,https://db.netkeiba.com/race/202406040909/,0,2,2,True,False,False,False,False,False,True,False,False
202406050309,2024-12-07,1200.0,Sunny,13,2022101443,South Bank,1.0,9.0,1:07.7,34.3,55,7,2F,H.Kitamura,5.0,490(-8),NAKAYAMA,TURF,Gd,https://db.netkeiba.com/race/202406050309/,1,2,2,False,False,False,False,True,False,True,False,False
202406050309,2024-12-07,1200.0,Sunny,13,2022103146,Kanshin,2.0,3.8,1:07.8,34.1,56,5,2C,T.Marquand,2.0,466(+4),NAKAYAMA,TURF,Gd,https://db.netkeiba.com/race/202406050309/,0,2,2,False,False,False,False,True,False,True,False,False
202406050309,2024-12-07,1200.0,Sunny,13,2022106912,Virgil,3.0,4.0,1:07.8,34.5,56,13,2C,K.Yokoyama,3.0,454(0),NAKAYAMA,TURF,Gd,https://db.netkeiba.com/race/202406050309/,0,2,2,False,False,False,False,True,False,True,False,False
202406050309,2024-12-07,1200.0,Sunny,13,2022102794,Maximum Drive,4.0,24.7,1:07.9,34.9,56,8,2C,T.Hattori,7.0,524(-2),NAKAYAMA,TURF,Gd,https://db.netkeiba.com/race/202406050309/,0,2,2,False,False,False,False,True,False,True,False,False
202406050309,2024-12-07,1200.0,Sunny,13,2022103066,Rapier,5.0,3.0,1:07.9,35.0,56,11,2C,K.Tosaki,1.0,484(0),NAKAYAMA,TURF,Gd,https://db.netkeiba.com/race/202406050309/,0,2,2,False,False,False,False,True,False,True,False,False
202406050309,2024-12-07,1200.0,Sunny,13,2022100737,Seiun Big Bang,6.0,8.1,1:08.4,34.2,56,4,2C,A.Sugawara,4.0,436(+2),NAKAYAMA,TURF,Gd,https://db.netkeiba.com/race/202406050309/,0,2,2,False,False,False,False,True,False,True,False,False
202406050309,2024-12-07,1200.0,Sunny,13,2022103478,Arion Smile,7.0,369.1,1:08.5,34.5,56,2,2C,T.Kowata,13.0,442(-8),NAKAYAMA,TURF,Gd,https://db.netkeiba.com/race/202406050309/,0,2,2,False,False,False,False,True,False,True,False,False
202406050309,2024-12-07,1200.0,Sunny,13,2022106999,Nishinocoupdecoeur,8.0,9.0,1:08.9,35.3,55,6,2F,M.Muto,6.0,444(+6),NAKAYAMA,TURF,Gd,https://db.netkeiba.com/race/202406050309/,0,2,2,False,False,False,False,True,False,True,False,False
202406050309,2024-12-07,1200.0,Sunny,13,2022104533,Cheongug,9.0,277.1,1:08.9,34.2,56,12,2C,S.Kobayashi,11.0,468(0),NAKAYAMA,TURF,Gd,https://db.netkeiba.com/race/202406050309/,0,2,2,False,False,False,False,True,False,True,False,False
202406050309,2024-12-07,1200.0,Sunny,13,2022102621,Rikea Con Panna,10.0,219.1,1:09.0,34.9,56,9,2C,K.Kikuzawa,10.0,462(-2),NAKAYAMA,TURF,Gd,https://db.netkeiba.com/race/202406050309/,0,2,2,False,False,False,False,True,False,True,False,False
202406050309,2024-12-07,1200.0,Sunny,13,2022106677,Kaga Babel,11.0,89.2,1:09.3,34.8,56,10,2C,Y.Ishikawa,8.0,524(+10),NAKAYAMA,TURF,Gd,https://db.netkeiba.com/race/202406050309/,0,2,2,False,False,False,False,True,False,True,False,False
202406050309,2024-12-07,1200.0,Sunny,13,2022106190,Rhein Pasion,12.0,218.9,1:09.3,35.6,55,1,2F,A.Tsumura,9.0,398(-2),NAKAYAMA,TURF,Gd,https://db.netkeiba.com/race/202406050309/,0,2,2,False,False,False,False,True,False,True,False,False
202406050309,2024-12-07,1200.0,Sunny,13,2022106051,Fabienne,13.0,293.9,1:09.5,34.2,55,3,2F,M.Michel,12.0,432(-5),NAKAYAMA,TURF,Gd,https://db.netkeiba.com/race/202406050309/,0,2,2,False,False,False,False,True,False,True,False,False
202406050509,2024-12-14,1600.0,Sunny,13,2022105143,Denkmal,1.0,1.4,1:32.4,35.1,56,3,2C,C.Lemaire,1.0,548(+4),NAKAYAMA,TURF,Gd,https://db.netkeiba.com/race/202406050509/,1,2,2,False,False,False,False,True,False,True,False,False
202406050509,2024-12-14,1600.0,Sunny,13,2022104697,Immigrant Song,2.0,4.3,1:32.5,34.6,56,10,2C,T.Marquand,2.0,490(+10),NAKAYAMA,TURF,Gd,https://db.netkeiba.com/race/202406050509/,0,2,2,False,False,False,False,True,False,True,False,False
202406050509,2024-12-14,1600.0,Sunny,13,2022101388,Best Scene,3.0,15.4,1:32.8,35.0,56,5,2C,K.Tosaki,4.0,464(0),NAKAYAMA,TURF,Gd,https://db.netkeiba.com/race/202406050509/,0,2,2,False,False,False,False,True,False,True,False,False
202406050509,2024-12-14,1600.0,Sunny,13,2022105246,Tiratore,4.0,12.9,1:33.0,35.5,55,8,2F,T.Kowata,3.0,486(+2),NAKAYAMA,TURF,Gd,https://db.netkeiba.com/race/202406050509/,0,2,2,False,False,False,False,True,False,True,False,False
202406050509,2024-12-14,1600.0,Sunny,13,2022105190,Blooming Rose,6.0,33.8,1:33.5,35.9,55,2,2F,C.Demuro,8.0,448(-8),NAKAYAMA,TURF,Gd,https://db.netkeiba.com/race/202406050509/,0,2,2,False,False,False,False,True,False,True,False,False
202406050509,2024-12-14,1600.0,Sunny,13,2022100757,Inoki,8.0,65.4,1:33.9,36.5,56,7,2C,Y.Tannai,9.0,484(+4),NAKAYAMA,TURF,Gd,https://db.netkeiba.com/race/202406050509/,0,2,2,False,False,False,False,True,False,True,False,False
202406050509,2024-12-14,1600.0,Sunny,13,2022106772,Vaselina,9.0,266.3,1:33.9,35.7,56,12,2C,Y.Nonaka,11.0,454(+16),NAKAYAMA,TURF,Gd,https://db.netkeiba.com/race/202406050509/,0,2,2,False,False,False,False,True,False,True,False,False
202406050509,2024-12-14,1600.0,Sunny,13,2022101848,Night Dancer,11.0,272.7,1:34.4,35.8,56,9,2C,T.Ono,12.0,452(+2),NAKAYAMA,TURF,Gd,https://db.netkeiba.com/race/202406050509/,0,2,2,False,False,False,False,True,False,True,False,False
202406050509,2024-12-14,1600.0,Sunny,13,2022104097,Atarashii Kadodeni,12.0,386.4,1:34.7,36.5,56,13,2C,Y.Hara,13.0,498(+7),NAKAYAMA,TURF,Gd,https://db.netkeiba.com/race/202406050509/,0,2,2,False,False,False,False,True,False,True,False,False
202406050509,2024-12-14,1600.0,Sunny,13,2022103416,Seul et Patriote,13.0,265.3,1:35.6,37.8,56,1,2C,R.Yokoyama,10.0,404(+4),NAKAYAMA,TURF,Gd,https://db.netkeiba.com/race/202406050509/,0,2,2,False,False,False,False,True,False,True,False,False
202407010409,2024-03-17,1600.0,Cloudy,10,2021104153,Epoch Venus,1.0,3.3,1:34.7,34.1,55,10,3F,K.Matsuyama,1.0,440(+4),NAKAYAMA,TURF,Gd,https://db.netkeiba.com/race/202407010409/,1,3,3,True,False,False,False,False,False,False,True,False
202407010409,2024-03-17,1600.0,Cloudy,10,2021103449,Moani,2.0,16.5,1:34.7,34.5,55,2,3F,M.Nagashima,6.0,454(-2),NAKAYAMA,TURF,Gd,https://db.netkeiba.com/race/202407010409/,0,3,3,True,False,False,False,False,False,False,True,False
202407010409,2024-03-17,1600.0,Cloudy,10,2021106548,Tagano Dude,3.0,4.5,1:34.9,34.1,57,3,3C,Y.Furukawa,3.0,482(-2),NAKAYAMA,TURF,Gd,https://db.netkeiba.com/race/202407010409/,0,3,3,True,False,False,False,False,False,False,True,False
202407010409,2024-03-17,1600.0,Cloudy,10,2021103303,Dreaming Up,4.0,9.1,1:34.9,33.6,57,7,3C,Y.Fujioka,5.0,458(-2),NAKAYAMA,TURF,Gd,https://db.netkeiba.com/race/202407010409/,0,3,3,True,False,False,False,False,False,False,True,False
202407010409,2024-03-17,1600.0,Cloudy,10,2021105454,Buena Onda,5.0,3.4,1:35.1,34.3,57,5,3C,H.Yoshida,2.0,454(0),NAKAYAMA,TURF,Gd,https://db.netkeiba.com/race/202407010409/,0,3,3,True,False,False,False,False,False,False,True,False
202407010409,2024-03-17,1600.0,Cloudy,10,2021104554,Limerick,6.0,61.4,1:35.1,33.9,57,6,3C,A.Saito,9.0,456(-8),NAKAYAMA,TURF,Gd,https://db.netkeiba.com/race/202407010409/,0,3,3,True,False,False,False,False,False,False,True,False
202407010409,2024-03-17,1600.0,Cloudy,10,2021105868,Barquentine,7.0,22.6,1:35.6,34.5,57,1,3C,A.Tomita,7.0,476(0),NAKAYAMA,TURF,Gd,https://db.netkeiba.com/race/202407010409/,0,3,3,True,False,False,False,False,False,False,True,False
202407010409,2024-03-17,1600.0,Cloudy,10,2021105540,Saronikos,8.0,5.3,1:35.7,34.8,55,4,3F,K.Sameshima,4.0,440(-4),NAKAYAMA,TURF,Gd,https://db.netkeiba.com/race/202407010409/,0,3,3,True,False,False,False,False,False,False,True,False
202407010409,2024-03-17,1600.0,Cloudy,10,2021103125,Copano Antonio,9.0,241.7,1:35.8,34.7,57,8,3C,K.Fujioka,10.0,476(0),NAKAYAMA,TURF,Gd,https://db.netkeiba.com/race/202407010409/,0,3,3,True,False,False,False,False,False,False,True,False
202407010409,2024-03-17,1600.0,Cloudy,10,2021107369,Give It a Go,10.0,52.0,1:36.3,35.3,55,9,3F,G.Maruyama,8.0,452(-6),NAKAYAMA,TURF,Gd,https://db.netkeiba.com/race/202407010409/,0,3,3,True,False,False,False,False,False,False,True,False
202407040209,2024-12-01,1600.0,Sunny,7,2022104896,Kalamatianos,1.0,4.5,1:35.1,34.2,56,4,2C,Y.Kawada,2.0,462(+4),NAKAYAMA,TURF,Gd,https://db.netkeiba.com/race/202407040209/,1,2,2,False,False,False,False,True,False,True,False,False
202407040209,2024-12-01,1600.0,Sunny,7,2022104734,Worth,2.0,5.5,1:35.1,34.4,56,2,2C,K.Matsuyama,4.0,492(+4),NAKAYAMA,TURF,Gd,https://db.netkeiba.com/race/202407040209/,0,2,2,False,False,False,False,True,False,True,False,False
202407040209,2024-12-01,1600.0,Sunny,7,2022105431,Navel Orange,3.0,13.2,1:35.5,34.9,55,1,2F,R.Sakai,6.0,464(+8),NAKAYAMA,TURF,Gd,https://db.netkeiba.com/race/202407040209/,0,2,2,False,False,False,False,True,False,True,False,False
202407040209,2024-12-01,1600.0,Sunny,7,2022104942,Silver Rain,4.0,2.2,1:35.6,34.5,56,5,2C,C.Lemaire,1.0,470(-2),NAKAYAMA,TURF,Gd,https://db.netkeiba.com/race/202407040209/,0,2,2,False,False,False,False,True,False,True,False,False
202407040209,2024-12-01,1600.0,Sunny,7,2022101562,Daishin Ra,5.0,7.8,1:35.7,34.9,56,3,2C,M.Iwata,5.0,504(0),NAKAYAMA,TURF,Gd,https://db.netkeiba.com/race/202407040209/,0,2,2,False,False,False,False,True,False,True,False,False
202407040209,2024-12-01,1600.0,Sunny,7,2022102148,Sound Bach,6.0,138.2,1:36.6,35.4,56,6,2C,H.Kitamura,7.0,488(+10),NAKAYAMA,TURF,Gd,https://db.netkeiba.com/race/202407040209/,0,2,2,False,False,False,False,True,False,True,False,False
202407040209,2024-12-01,1600.0,Sunny,7,2022105027,Prokleia,7.0,4.9,1:36.6,35.6,55,7,2F,C.Demuro,3.0,454(-8),NAKAYAMA,TURF,Gd,https://db.netkeiba.com/race/202407040209/,0,2,2,False,False,False,False,True,False,True,False,False
202407040309,2024-12-07,1400.0,Cloudy,12,2022102887,Namura Clara,2.0,3.8,1:21.9,35.6,55,4,2F,A.Nishimura,2.0,472(-6),NAKAYAMA,TURF,Gd,https://db.netkeiba.com/race/202407040309/,0,2,2,True,False,False,False,False,False,True,False,False
202407040309,2024-12-07,1400.0,Cloudy,12,2022101765,Piko Rose,3.0,11.9,1:22.1,35.7,55,2,2F,H.Tanabe,5.0,434(0),NAKAYAMA,TURF,Gd,https://db.netkeiba.com/race/202407040309/,0,2,2,True,False,False,False,False,False,True,False,False
202407040309,2024-12-07,1400.0,Cloudy,12,2022104885,Theresa,4.0,2.9,1:22.1,35.9,55,1,2F,K.Matsuyama,1.0,424(-4),NAKAYAMA,TURF,Gd,https://db.netkeiba.com/race/202407040309/,0,2,2,True,False,False,False,False,False,True,False,False
202407040309,2024-12-07,1400.0,Cloudy,12,2022104748,Will Survive,5.0,16.8,1:22.2,35.6,55,12,2F,T.Danno,8.0,430(-6),NAKAYAMA,TURF,Gd,https://db.netkeiba.com/race/202407040309/,0,2,2,True,False,False,False,False,False,True,False,False
202407040309,2024-12-07,1400.0,Cloudy,12,2022101906,Kyoei Bonita,6.0,17.4,1:22.4,36.0,55,11,2F,M.Sakai,9.0,444(-2),NAKAYAMA,TURF,Gd,https://db.netkeiba.com/race/202407040309/,0,2,2,True,False,False,False,False,False,True,False,False
202407040309,2024-12-07,1400.0,Cloudy,12,2022100403,Water Gerbera,7.0,7.8,1:22.6,35.9,55,3,2F,K.Nishizuka,3.0,446(0),NAKAYAMA,TURF,Gd,https://db.netkeiba.com/race/202407040309/,0,2,2,True,False,False,False,False,False,True,False,False
202407040309,2024-12-07,1400.0,Cloudy,12,2022110077,Irifi,8.0,10.4,1:22.9,36.4,55,5,2F,K.Sameshima,4.0,418(-6),NAKAYAMA,TURF,Gd,https://db.netkeiba.com/race/202407040309/,0,2,2,True,False,False,False,False,False,True,False,False
202407040309,2024-12-07,1400.0,Cloudy,12,2022101557,Aster Ruhuna,9.0,42.9,1:23.3,37.4,55,7,2F,Y.Shibata,11.0,440(0),NAKAYAMA,TURF,Gd,https://db.netkeiba.com/race/202407040309/,0,2,2,True,False,False,False,False,False,True,False,False
202407040309,2024-12-07,1400.0,Cloudy,12,2022104900,Kuroyuki,10.0,12.4,1:23.5,37.1,55,6,2F,R.Takasugi,6.0,422(-10),NAKAYAMA,TURF,Gd,https://db.netkeiba.com/race/202407040309/,0,2,2,True,False,False,False,False,False,True,False,False
202407040309,2024-12-07,1400.0,Cloudy,12,2022106637,Lavendel,11.0,37.8,1:23.8,37.8,55,10,2F,M.Iwata,10.0,424(+2),NAKAYAMA,TURF,Gd,https://db.netkeiba.com/race/202407040309/,0,2,2,True,False,False,False,False,False,True,False,False
202407040309,2024-12-07,1400.0,Cloudy,12,2022101202,Sun Niagara,12.0,43.4,1:23.9,37.7,55,8,2F,H.Matsumoto,12.0,480(-8),NAKAYAMA,TURF,Gd,https://db.netkeiba.com/race/202407040309/,0,2,2,True,False,False,False,False,False,True,False,False
202408010106,2024-01-06,1200.0,Cloudy,10,2021107058,Puro Magic,1.0,1.3,1:08.8,34.1,55,2,3F,R.Sakai,1.0,444(-2),NAKAYAMA,TURF,Gd,https://db.netkeiba.com/race/202408010106/,1,3,3,True,False,False,False,False,False,False,True,False
202408010106,2024-01-06,1200.0,Cloudy,10,2021101598,Uncle Cross,2.0,7.7,1:09.1,34.1,57,3,3C,Y.Nagaoka,3.0,466(-6),NAKAYAMA,TURF,Gd,https://db.netkeiba.com/race/202408010106/,0,3,3,True,False,False,False,False,False,False,True,False
202408010106,2024-01-06,1200.0,Cloudy,10,2021110033,Passing Shower,3.0,5.1,1:09.7,34.8,57,7,3C,A.Nishimura,2.0,488(+12),NAKAYAMA,TURF,Gd,https://db.netkeiba.com/race/202408010106/,0,3,3,True,False,False,False,False,False,False,True,False
202408010106,2024-01-06,1200.0,Cloudy,10,2021105175,St Kilda,4.0,62.7,1:10.0,34.8,57,6,3C,Y.Kitamura,7.0,468(-4),NAKAYAMA,TURF,Gd,https://db.netkeiba.com/race/202408010106/,0,3,3,True,False,False,False,False,False,False,True,False
202408010106,2024-01-06,1200.0,Cloudy,10,2021109114,Aitaka,6.0,11.2,1:10.3,35.0,51,10,3F,N.Kawaharada,4.0,414(0),NAKAYAMA,TURF,Gd,https://db.netkeiba.com/race/202408010106/,0,3,3,True,False,False,False,False,False,False,True,False
202408010106,2024-01-06,1200.0,Cloudy,10,2021100653,Agassi,7.0,22.2,1:10.5,35.6,57,5,3C,Y.Take,5.0,496(+24),NAKAYAMA,TURF,Gd,https://db.netkeiba.com/race/202408010106/,0,3,3,True,False,False,False,False,False,False,True,False
202408010106,2024-01-06,1200.0,Cloudy,10,2021106395,Happy Surprise,8.0,93.3,1:10.6,35.5,57,8,3C,F.Matsuwaka,8.0,448(0),NAKAYAMA,TURF,Gd,https://db.netkeiba.com/race/202408010106/,0,3,3,True,False,False,False,False,False,False,True,False
202408010106,2024-01-06,1200.0,Cloudy,10,2021105018,Preparation,10.0,352.5,1:11.3,35.3,55,9,3F,K.Kawamata,10.0,448(0),NAKAYAMA,TURF,Gd,https://db.netkeiba.com/race/202408010106/,0,3,3,True,False,False,False,False,False,False,True,False
202408020108,2024-01-27,1600.0,Sunny,6,2021101106,Smart Spear,1.0,3.6,1:34.3,35.7,57,7,3C,K.Ogino,3.0,512(+2),TOKYO,TURF,Gd,https://db.netkeiba.com/race/202408020108/,1,3,3,False,False,False,False,True,False,False,True,False
202408020108,2024-01-27,1600.0,Sunny,6,2021105160,Caelum,2.0,2.8,1:34.5,35.7,57,3,3C,Y.Take,1.0,470(+4),TOKYO,TURF,Gd,https://db.netkeiba.com/race/202408020108/,0,3,3,False,False,False,False,True,False,False,True,False
202408020108,2024-01-27,1600.0,Sunny,6,2021106594,Yamanin Astron,3.0,4.5,1:34.7,36.3,57,6,3C,T.Tsunoda,4.0,490(+12),TOKYO,TURF,Gd,https://db.netkeiba.com/race/202408020108/,0,3,3,False,False,False,False,True,False,False,True,False
202408020108,2024-01-27,1600.0,Sunny,6,2021100350,Arranger,4.0,3.4,1:35.2,36.5,57,5,3C,N.Yokoyama,2.0,466(-6),TOKYO,TURF,Gd,https://db.netkeiba.com/race/202408020108/,0,3,3,False,False,False,False,True,False,False,True,False
202408020108,2024-01-27,1600.0,Sunny,6,2021105868,Barquentine,5.0,18.2,1:35.7,37.3,57,1,3C,S.Akiyama,6.0,476(+4),TOKYO,TURF,Gd,https://db.netkeiba.com/race/202408020108/,0,3,3,False,False,False,False,True,False,False,True,False
202408020108,2024-01-27,1600.0,Sunny,6,2021104074,Love Diva,6.0,14.9,1:36.0,37.9,55,4,3F,K.Matsuyama,5.0,446(+2),TOKYO,TURF,Gd,https://db.netkeiba.com/race/202408020108/,0,3,3,False,False,False,False,True,False,False,True,False
202408020108,2024-01-27,1600.0,Sunny,6,2021104840,Fleuraison,,,,,55,2,3F,A.Lemaitre,,436(-6),TOKYO,TURF,Gd,https://db.netkeiba.com/race/202408020108/,0,3,3,False,False,False,False,True,False,False,True,False
202408020509,2024-02-10,1600.0,Cloudy,9,2021110031,Off Trail,1.0,7.0,1:34.9,33.7,57,5,3C,A.Lemaitre,4.0,440(+4),TOKYO,TURF,Gd,https://db.netkeiba.com/race/202408020509/,1,3,3,True,False,False,False,False,False,False,True,False
202408020509,2024-02-10,1600.0,Cloudy,9,2021105202,Poetry,2.0,8.2,1:34.9,34.3,55,8,3F,R.Sakai,5.0,458(+4),TOKYO,TURF,Gd,https://db.netkeiba.com/race/202408020509/,0,3,3,True,False,False,False,False,False,False,True,False
202408020509,2024-02-10,1600.0,Cloudy,9,2021107098,Lavanda,3.0,5.3,1:35.1,34.3,55,7,3F,M.Iwata,3.0,480(+2),TOKYO,TURF,Gd,https://db.netkeiba.com/race/202408020509/,0,3,3,True,False,False,False,False,False,False,True,False
202408020509,2024-02-10,1600.0,Cloudy,9,2021106548,Tagano Dude,4.0,3.3,1:35.1,34.1,57,1,3C,Y.Furukawa,2.0,484(+4),TOKYO,TURF,Gd,https://db.netkeiba.com/race/202408020509/,0,3,3,True,False,False,False,False,False,False,True,False
202408020509,2024-02-10,1600.0,Cloudy,9,2021104911,Lumikki,5.0,17.1,1:35.4,34.5,55,3,3F,M.Demuro,7.0,452(-12),TOKYO,TURF,Gd,https://db.netkeiba.com/race/202408020509/,0,3,3,True,False,False,False,False,False,False,True,False
202408020509,2024-02-10,1600.0,Cloudy,9,2021105160,Caelum,6.0,3.1,1:35.8,34.4,57,9,3C,Y.Take,1.0,476(+6),TOKYO,TURF,Gd,https://db.netkeiba.com/race/202408020509/,0,3,3,True,False,False,False,False,False,False,True,False
202408020509,2024-02-10,1600.0,Cloudy,9,2021102510,Namura Hooker,7.0,8.7,1:36.3,35.4,57,6,3C,F.Matsuwaka,6.0,472(+4),TOKYO,TURF,Gd,https://db.netkeiba.com/race/202408020509/,0,3,3,True,False,False,False,False,False,False,True,False
202408020509,2024-02-10,1600.0,Cloudy,9,2021102561,Key Wave,8.0,54.7,1:36.8,35.6,57,2,3C,R.Wada,8.0,416(0),TOKYO,TURF,Gd,https://db.netkeiba.com/race/202408020509/,0,3,3,True,False,False,False,False,False,False,True,False
202408020509,2024-02-10,1600.0,Cloudy,9,2021101386,Call Me Maybe,9.0,350.9,1:38.6,37.5,55,4,3F,M.Okabe,9.0,438(+10),TOKYO,TURF,Gd,https://db.netkeiba.com/race/202408020509/,0,3,3,True,False,False,False,False,False,False,True,False
202408020706,2024-02-17,1400.0,Sunny,10,2021102888,Namura Atom,1.0,2.9,1:21.6,33.9,57,8,3C,S.Hamanaka,2.0,490(-6),TOKYO,TURF,Gd,https://db.netkeiba.com/race/202408020706/,1,3,3,False,False,False,False,True,False,False,True,False
202408020706,2024-02-17,1400.0,Sunny,10,2021106594,Yamanin Astron,2.0,2.9,1:21.7,34.2,56,1,3C,T.Tsunoda,1.0,478(-12),TOKYO,TURF,Gd,https://db.netkeiba.com/race/202408020706/,0,3,3,False,False,False,False,True,False,False,True,False
202408020706,2024-02-17,1400.0,Sunny,10,2021106815,Meiner Tigre,3.0,17.9,1:21.7,34.3,57,9,3C,A.Tsumura,7.0,476(0),TOKYO,TURF,Gd,https://db.netkeiba.com/race/202408020706/,0,3,3,False,False,False,False,True,False,False,True,False
202408020706,2024-02-17,1400.0,Sunny,10,2021104941,Cecilie Plage,4.0,7.4,1:21.7,33.9,55,6,3F,K.Sameshima,4.0,406(-8),TOKYO,TURF,Gd,https://db.netkeiba.com/race/202408020706/,0,3,3,False,False,False,False,True,False,False,True,False
202408020706,2024-02-17,1400.0,Sunny,10,2021101598,Uncle Cross,5.0,5.4,1:21.8,34.2,57,7,3C,Y.Nagaoka,3.0,462(-4),TOKYO,TURF,Gd,https://db.netkeiba.com/race/202408020706/,0,3,3,False,False,False,False,True,False,False,True,False
202408020706,2024-02-17,1400.0,Sunny,10,2021101102,Namura Eden,6.0,13.4,1:22.1,34.9,55,4,3F,T.Danno,5.0,414(0),TOKYO,TURF,Gd,https://db.netkeiba.com/race/202408020706/,0,3,3,False,False,False,False,True,False,False,True,False
202408020706,2024-02-17,1400.0,Sunny,10,2021101223,Queen's Hat,7.0,67.8,1:22.1,34.2,55,5,3F,A.Nishimura,10.0,462(0),TOKYO,TURF,Gd,https://db.netkeiba.com/race/202408020706/,0,3,3,False,False,False,False,True,False,False,True,False
202408020706,2024-02-17,1400.0,Sunny,10,2021107063,Itsumo Nikoniko,8.0,14.7,1:22.2,34.5,55,2,3F,M.Demuro,6.0,488(+6),TOKYO,TURF,Gd,https://db.netkeiba.com/race/202408020706/,0,3,3,False,False,False,False,True,False,False,True,False
202408020706,2024-02-17,1400.0,Sunny,10,2021100356,Cool Baby,10.0,39.7,1:23.0,35.8,54,3,3F,K.Taguchi,8.0,464(-6),TOKYO,TURF,Gd,https://db.netkeiba.com/race/202408020706/,0,3,3,False,False,False,False,True,False,False,True,False
202408020706,2024-02-17,1400.0,Sunny,10,2021103075,Meisho Yamamomo,,,,,55,10,3F,Y.Take,,,TOKYO,TURF,Gd,https://db.netkeiba.com/race/202408020706/,0,3,3,False,False,False,False,True,False,False,True,False
202408030507,2024-05-04,1600.0,Sunny,8,2021105864,World's End,1.0,1.4,1:32.3,34.1,57,6,3C,Y.Kawada,1.0,458(-4),NIIGATA,TURF,Gd,https://db.netkeiba.com/race/202408030507/,1,3,3,False,False,False,False,True,False,False,True,False
202408030507,2024-05-04,1600.0,Sunny,8,2021105746,Altoum,2.0,5.1,1:32.4,34.4,57,4,3C,Y.Fujioka,2.0,424(0),NIIGATA,TURF,Gd,https://db.netkeiba.com/race/202408030507/,0,3,3,False,False,False,False,True,False,False,True,False
202408030507,2024-05-04,1600.0,Sunny,8,2021102016,Ecoro Mars,3.0,7.3,1:32.7,34.8,57,3,3C,Y.Iwata,4.0,490(-2),NIIGATA,TURF,Gd,https://db.netkeiba.com/race/202408030507/,0,3,3,False,False,False,False,True,False,False,True,False
202408030507,2024-05-04,1600.0,Sunny,8,2021105141,Pacific High,4.0,7.2,1:33.0,34.6,55,1,3F,K.Sameshima,3.0,454(+6),NIIGATA,TURF,Gd,https://db.netkeiba.com/race/202408030507/,0,3,3,False,False,False,False,True,False,False,True,False
202408030507,2024-05-04,1600.0,Sunny,8,2021100284,Yamanin Alacria,5.0,194.1,1:33.7,34.7,57,7,3C,K.Tanaka,6.0,476(0),NIIGATA,TURF,Gd,https://db.netkeiba.com/race/202408030507/,0,3,3,False,False,False,False,True,False,False,True,False
202408030507,2024-05-04,1600.0,Sunny,8,2021103696,Bradshaw,6.0,243.6,1:34.4,35.6,57,2,3C,R.Kozaki,8.0,450(0),NIIGATA,TURF,Gd,https://db.netkeiba.com/race/202408030507/,0,3,3,False,False,False,False,True,False,False,True,False
202408030507,2024-05-04,1600.0,Sunny,8,2021105176,Kurino Spinel,7.0,195.5,1:34.5,35.7,54,5,3F,K.Taguchi,7.0,450(+4),NIIGATA,TURF,Gd,https://db.netkeiba.com/race/202408030507/,0,3,3,False,False,False,False,True,False,False,True,False
202408030507,2024-05-04,1600.0,Sunny,8,2021102235,Black Sunrise,8.0,14.0,1:35.4,37.3,55,8,3F,F.Matsuwaka,5.0,464(-6),NIIGATA,TURF,Gd,https://db.netkeiba.com/race/202408030507/,0,3,3,False,False,False,False,True,False,False,True,False
202408050109,2024-10-05,1400.0,Sunny,10,2022104617,Voulezvous,1.0,5.0,1:21.8,33.8,55,8,2F,A.Starke,3.0,462(-4),NIIGATA,TURF,Gd,https://db.netkeiba.com/race/202408050109/,1,2,2,False,False,False,False,True,False,True,False,False
202408050109,2024-10-05,1400.0,Sunny,10,2022100135,Aime la Vie,2.0,18.6,1:21.8,33.9,55,4,2F,M.Sakai,8.0,434(-16),NIIGATA,TURF,Gd,https://db.netkeiba.com/race/202408050109/,0,2,2,False,False,False,False,True,False,True,False,False
202408050109,2024-10-05,1400.0,Sunny,10,2022103304,Dantsu Elan,3.0,2.9,1:22.0,34.5,55,1,2F,H.Miyuki,1.0,486(+6),NIIGATA,TURF,Gd,https://db.netkeiba.com/race/202408050109/,0,2,2,False,False,False,False,True,False,True,False,False
202408050109,2024-10-05,1400.0,Sunny,10,2022102887,Namura Clara,4.0,3.4,1:22.0,34.4,55,3,2F,A.Nishimura,2.0,478(+6),NIIGATA,TURF,Gd,https://db.netkeiba.com/race/202408050109/,0,2,2,False,False,False,False,True,False,True,False,False
202408050109,2024-10-05,1400.0,Sunny,10,2022101765,Piko Rose,5.0,36.0,1:22.1,33.8,55,10,2F,Y.Kitamura,9.0,434(0),NIIGATA,TURF,Gd,https://db.netkeiba.com/race/202408050109/,0,2,2,False,False,False,False,True,False,True,False,False
202408050109,2024-10-05,1400.0,Sunny,10,2022101623,Abu Qir Bay,6.0,10.5,1:22.2,34.4,55,9,2F,M.Iwata,5.0,410(+2),NIIGATA,TURF,Gd,https://db.netkeiba.com/race/202408050109/,0,2,2,False,False,False,False,True,False,True,False,False
202408050109,2024-10-05,1400.0,Sunny,10,2022105407,Sunny Salsa,7.0,8.2,1:22.6,34.6,55,7,2F,M.Nagashima,4.0,458(-2),NIIGATA,TURF,Gd,https://db.netkeiba.com/race/202408050109/,0,2,2,False,False,False,False,True,False,True,False,False
202408050109,2024-10-05,1400.0,Sunny,10,2022105963,Port de La Mer,8.0,16.1,1:22.7,34.7,55,2,2F,T.Danno,6.0,418(0),NIIGATA,TURF,Gd,https://db.netkeiba.com/race/202408050109/,0,2,2,False,False,False,False,True,False,True,False,False
202408050109,2024-10-05,1400.0,Sunny,10,2022101048,Shonan Raffine,9.0,16.8,1:23.2,35.7,55,5,2F,K.Sameshima,7.0,392(+2),NIIGATA,TURF,Gd,https://db.netkeiba.com/race/202408050109/,0,2,2,False,False,False,False,True,False,True,False,False
202408050109,2024-10-05,1400.0,Sunny,10,2022102617,A Shin Dahlia,10.0,233.3,1:24.2,36.3,55,11,2F,K.Taguchi,10.0,454(-3),NIIGATA,TURF,Gd,https://db.netkeiba.com/race/202408050109/,0,2,2,False,False,False,False,True,False,True,False,False
202408050109,2024-10-05,1400.0,Sunny,10,2022105718,Lily Field,,,,,55,6,2F,R.Wada,,426(-2),NIIGATA,TURF,Gd,https://db.netkeiba.com/race/202408050109/,0,2,2,False,False,False,False,True,False,True,False,False
202408060509,2024-11-16,1400.0,LightRain,9,2022110077,Irifi,2.0,8.0,1:23.1,34.0,55,8,2F,K.Sameshima,4.0,424(-2),FUKUSHIMA,TURF,Gd,https://db.netkeiba.com/race/202408060509/,0,2,2,False,True,False,False,False,False,True,False,False
202408060509,2024-11-16,1400.0,LightRain,9,2022109145,Ai Yo Amethyst,3.0,21.5,1:23.3,34.6,55,6,2F,S.Yoshimura,7.0,438(0),FUKUSHIMA,TURF,Gd,https://db.netkeiba.com/race/202408060509/,0,2,2,False,True,False,False,False,False,True,False,False
202408060509,2024-11-16,1400.0,LightRain,9,2022100654,Selvans,4.0,15.0,1:23.5,34.0,56,7,2C,A.Starke,6.0,428(-2),FUKUSHIMA,TURF,Gd,https://db.netkeiba.com/race/202408060509/,0,2,2,False,True,False,False,False,False,True,False,False
202408060509,2024-11-16,1400.0,LightRain,9,2022100335,Acrux,5.0,4.5,1:23.8,34.0,56,4,2C,T.Fujikake,3.0,472(0),FUKUSHIMA,TURF,Gd,https://db.netkeiba.com/race/202408060509/,0,2,2,False,True,False,False,False,False,True,False,False
202408060509,2024-11-16,1400.0,LightRain,9,2022104748,Will Survive,6.0,2.5,1:23.9,34.3,55,3,2F,C.Demuro,1.0,436(+8),FUKUSHIMA,TURF,Gd,https://db.netkeiba.com/race/202408060509/,0,2,2,False,True,False,False,False,False,True,False,False
202408060509,2024-11-16,1400.0,LightRain,9,2022100837,Hideno Blue Sky,7.0,14.3,1:24.6,34.2,56,5,2C,R.Sakai,5.0,420(0),FUKUSHIMA,TURF,Gd,https://db.netkeiba.com/race/202408060509/,0,2,2,False,True,False,False,False,False,True,False,False
202408060509,2024-11-16,1400.0,LightRain,9,2022105951,Maple Gin,8.0,240.2,1:24.6,34.4,56,9,2C,T.Watanabe,9.0,420(-3),FUKUSHIMA,TURF,Gd,https://db.netkeiba.com/race/202408060509/,0,2,2,False,True,False,False,False,False,True,False,False
202408060509,2024-11-16,1400.0,LightRain,9,2022106453,Hurricane,9.0,70.8,1:25.2,35.1,56,2,2C,Y.Mizuguchi,8.0,502(-8),FUKUSHIMA,TURF,Gd,https://db.netkeiba.com/race/202408060509/,0,2,2,False,True,False,False,False,False,True,False,False
202408070109,2024-11-30,1200.0,Sunny,9,2022103947,Lux Reserva,1.0,9.5,1:09.1,33.7,56,5,2G,T.Danno,5.0,500(-6),NAKAYAMA,TURF,Gd,https://db.netkeiba.com/race/202408070109/,1,2,2,False,False,False,False,True,False,True,False,False
202408070109,2024-11-30,1200.0,Sunny,9,2022101623,Abu Qir Bay,2.0,7.2,1:09.4,34.0,55,1,2F,M.Iwata,4.0,416(+6),NAKAYAMA,TURF,Gd,https://db.netkeiba.com/race/202408070109/,0,2,2,False,False,False,False,True,False,True,False,False
202408070109,2024-11-30,1200.0,Sunny,9,2022110012,Magical Shine,3.0,2.8,1:09.4,33.6,55,3,2F,Y.Take,1.0,486(-6),NAKAYAMA,TURF,Gd,https://db.netkeiba.com/race/202408070109/,0,2,2,False,False,False,False,True,False,True,False,False
202408070109,2024-11-30,1200.0,Sunny,9,2022104960,Karpuz Pelus,4.0,3.8,1:09.5,34.6,55,7,2F,H.Miyuki,3.0,456(-8),NAKAYAMA,TURF,Gd,https://db.netkeiba.com/race/202408070109/,0,2,2,False,False,False,False,True,False,True,False,False
202408070109,2024-11-30,1200.0,Sunny,9,2022104698,Blue Sunset,5.0,3.6,1:09.5,34.6,55,6,2F,C.Demuro,2.0,444(-2),NAKAYAMA,TURF,Gd,https://db.netkeiba.com/race/202408070109/,0,2,2,False,False,False,False,True,False,True,False,False
202408070109,2024-11-30,1200.0,Sunny,9,2022101048,Shonan Raffine,6.0,59.3,1:10.0,34.2,55,9,2F,K.Taguchi,7.0,394(+2),NAKAYAMA,TURF,Gd,https://db.netkeiba.com/race/202408070109/,0,2,2,False,False,False,False,True,False,True,False,False
202408070109,2024-11-30,1200.0,Sunny,9,2022100837,Hideno Blue Sky,7.0,101.1,1:10.3,34.2,56,4,2C,Y.Furukawa,8.0,424(+4),NAKAYAMA,TURF,Gd,https://db.netkeiba.com/race/202408070109/,0,2,2,False,False,False,False,True,False,True,False,False
202408070109,2024-11-30,1200.0,Sunny,9,2022105212,Ecoro Heart,8.0,10.1,1:10.4,35.5,55,8,2F,K.Matsuyama,6.0,424(+4),NAKAYAMA,TURF,Gd,https://db.netkeiba.com/race/202408070109/,0,2,2,False,False,False,False,True,False,True,False,False
202408070109,2024-11-30,1200.0,Sunny,9,2022100982,Canal d'Oro,9.0,300.7,1:10.8,34.7,56,2,2C,T.Yoshimura,9.0,462(-10),NAKAYAMA,TURF,Gd,https://db.netkeiba.com/race/202408070109/,0,2,2,False,False,False,False,True,False,True,False,False
202408070709,2024-12-21,1400.0,Cloudy,12,2022103525,Laila,1.0,23.5,1:21.7,34.0,55,5,2F,H.Miyuki,7.0,464(+6),NAKAYAMA,TURF,Gd,https://db.netkeiba.com/race/202408070709/,1,2,2,True,False,False,False,False,False,True,False,False
202408070709,2024-12-21,1400.0,Cloudy,12,2022103051,Yankee Barows,2.0,1.6,1:22.0,33.8,56,11,2C,C.Lemaire,1.0,476(+4),NAKAYAMA,TURF,Gd,https://db.netkeiba.com/race/202408070709/,0,2,2,True,False,False,False,False,False,True,False,False
202408070709,2024-12-21,1400.0,Cloudy,12,2022110056,Food Man,3.0,7.2,1:22.0,34.1,56,1,2C,K.Matsuyama,3.0,466(0),NAKAYAMA,TURF,Gd,https://db.netkeiba.com/race/202408070709/,0,2,2,True,False,False,False,False,False,True,False,False
202408070709,2024-12-21,1400.0,Cloudy,12,2022106389,Bel Be Stallone,4.0,11.0,1:22.0,34.3,55,6,2F,A.Nishimura,4.0,490(0),NAKAYAMA,TURF,Gd,https://db.netkeiba.com/race/202408070709/,0,2,2,True,False,False,False,False,False,True,False,False
202408070709,2024-12-21,1400.0,Cloudy,12,2022100018,Pod Donner,5.0,50.1,1:22.3,34.1,56,8,2C,S.Yoshimura,9.0,470(0),NAKAYAMA,TURF,Gd,https://db.netkeiba.com/race/202408070709/,0,2,2,True,False,False,False,False,False,True,False,False
202408070709,2024-12-21,1400.0,Cloudy,12,2022100654,Selvans,6.0,71.4,1:22.5,34.7,56,7,2C,M.Iwata,10.0,436(+8),NAKAYAMA,TURF,Gd,https://db.netkeiba.com/race/202408070709/,0,2,2,True,False,False,False,False,False,True,False,False
202408070709,2024-12-21,1400.0,Cloudy,12,2022106796,Lemon Balm,7.0,13.9,1:22.5,34.5,55,4,2F,C.Demuro,5.0,452(-2),NAKAYAMA,TURF,Gd,https://db.netkeiba.com/race/202408070709/,0,2,2,True,False,False,False,False,False,True,False,False
202408070709,2024-12-21,1400.0,Cloudy,12,2022101686,Imbroglio,8.0,5.8,1:22.6,34.6,55,3,2F,M.Demuro,2.0,478(-6),NAKAYAMA,TURF,Gd,https://db.netkeiba.com/race/202408070709/,0,2,2,True,False,False,False,False,False,True,False,False
202408070709,2024-12-21,1400.0,Cloudy,12,2022102993,Hiraboku Carrera,9.0,14.1,1:22.6,34.1,56,12,2C,R.Moore,6.0,468(-10),NAKAYAMA,TURF,Gd,https://db.netkeiba.com/race/202408070709/,0,2,2,True,False,False,False,False,False,True,False,False
202408070709,2024-12-21,1400.0,Cloudy,12,2022105407,Sunny Salsa,10.0,129.8,1:23.1,35.1,55,10,2F,M.Nagashima,11.0,460(0),NAKAYAMA,TURF,Gd,https://db.netkeiba.com/race/202408070709/,0,2,2,True,False,False,False,False,False,True,False,False
202408070709,2024-12-21,1400.0,Cloudy,12,2022105951,Maple Gin,11.0,430.7,1:23.3,35.1,56,2,2C,T.Watanabe,12.0,424(+4),NAKAYAMA,TURF,Gd,https://db.netkeiba.com/race/202408070709/,0,2,2,True,False,False,False,False,False,True,False,False
202408070709,2024-12-21,1400.0,Cloudy,12,2022104870,Fukushima Koyo,12.0,47.9,1:23.4,35.0,55,9,2F,H.Yoshida,8.0,430(0),NAKAYAMA,TURF,Gd,https://db.netkeiba.com/race/202408070709/,0,2,2,True,False,False,False,False,False,True,False,False
202409010605,2024-03-10,1600.0,Sunny,11,2021102920,Di Speranza,1.0,4.7,1:33.4,33.1,57,5,3C,M.Demuro,3.0,520(+4),NAKAYAMA,TURF,Gd,https://db.netkeiba.com/race/202409010605/,1,3,3,False,False,False,False,True,False,False,True,False
202409010605,2024-03-10,1600.0,Sunny,11,2021106815,Meiner Tigre,2.0,26.6,1:33.5,33.8,57,8,3C,T.Yokoyama,8.0,478(+2),NAKAYAMA,TURF,Gd,https://db.netkeiba.com/race/202409010605/,0,3,3,False,False,False,False,True,False,False,True,False
202409010605,2024-03-10,1600.0,Sunny,11,2021105746,Altoum,3.0,4.7,1:33.5,33.8,57,3,3C,B.Murzabayev,2.0,432(-6),NAKAYAMA,TURF,Gd,https://db.netkeiba.com/race/202409010605/,0,3,3,False,False,False,False,True,False,False,True,False
202409010605,2024-03-10,1600.0,Sunny,11,2021105283,Bloomin' Design,5.0,17.7,1:33.6,34.2,57,4,3C,A.Nishimura,6.0,464(+6),NAKAYAMA,TURF,Gd,https://db.netkeiba.com/race/202409010605/,0,3,3,False,False,False,False,True,False,False,True,False
202409010605,2024-03-10,1600.0,Sunny,11,2021103282,Justin Earth,7.0,2.2,1:33.8,34.4,57,2,3C,K.Sameshima,1.0,480(0),NAKAYAMA,TURF,Gd,https://db.netkeiba.com/race/202409010605/,0,3,3,False,False,False,False,True,False,False,True,False
202409010605,2024-03-10,1600.0,Sunny,11,2021106594,Yamanin Astron,8.0,11.6,1:33.9,34.0,56,1,3C,T.Tsunoda,5.0,480(+2),NAKAYAMA,TURF,Gd,https://db.netkeiba.com/race/202409010605/,0,3,3,False,False,False,False,True,False,False,True,False
202409010605,2024-03-10,1600.0,Sunny,11,2021105039,Gold Sabel,9.0,7.8,1:34.0,33.9,57,7,3C,Y.Take,4.0,470(0),NAKAYAMA,TURF,Gd,https://db.netkeiba.com/race/202409010605/,0,3,3,False,False,False,False,True,False,False,True,False
202409010605,2024-03-10,1600.0,Sunny,11,2021100703,Blue Prima Donna,11.0,402.0,1:35.1,35.8,52,10,3F,T.Hashiki,11.0,462(-6),NAKAYAMA,TURF,Gd,https://db.netkeiba.com/race/202409010605/,0,3,3,False,False,False,False,True,False,False,True,False
202409010706,2024-03-16,1200.0,Sunny,10,2021101654,Taurus Shine,1.0,7.3,1:08.7,34.5,57,8,3C,Y.Take,5.0,472(-4),NAKAYAMA,TURF,Gd,https://db.netkeiba.com/race/202409010706/,1,3,3,False,False,False,False,True,False,False,True,False
202409010706,2024-03-16,1200.0,Sunny,10,2021102461,Band Shell,4.0,2.8,1:09.0,34.3,57,2,3C,K.Sameshima,1.0,476(+12),NAKAYAMA,TURF,Gd,https://db.netkeiba.com/race/202409010706/,0,3,3,False,False,False,False,True,False,False,True,False
202409010706,2024-03-16,1200.0,Sunny,10,2021103210,Meisho Sachidake,5.0,6.8,1:09.1,34.8,57,9,3C,R.Wada,4.0,482(+2),NAKAYAMA,TURF,Gd,https://db.netkeiba.com/race/202409010706/,0,3,3,False,False,False,False,True,False,False,True,False
202409010706,2024-03-16,1200.0,Sunny,10,2021106648,Bene Merenti,6.0,56.8,1:09.4,34.6,55,6,3F,F.Matsuwaka,8.0,436(-2),NAKAYAMA,TURF,Gd,https://db.netkeiba.com/race/202409010706/,0,3,3,False,False,False,False,True,False,False,True,False
202409010706,2024-03-16,1200.0,Sunny,10,2021110023,Extra Buck,7.0,20.2,1:09.6,34.8,56,1,3C,K.Taguchi,6.0,486(-2),NAKAYAMA,TURF,Gd,https://db.netkeiba.com/race/202409010706/,0,3,3,False,False,False,False,True,False,False,True,False
202409010706,2024-03-16,1200.0,Sunny,10,2021103493,Iris Azul,8.0,26.0,1:09.8,35.3,55,5,3F,M.Demuro,7.0,446(-2),NAKAYAMA,TURF,Gd,https://db.netkeiba.com/race/202409010706/,0,3,3,False,False,False,False,True,False,False,True,False
202409010706,2024-03-16,1200.0,Sunny,10,2021110087,Love Comedy,9.0,79.6,1:09.9,35.5,55,10,3F,M.Iwata,9.0,436(+6),NAKAYAMA,TURF,Gd,https://db.netkeiba.com/race/202409010706/,0,3,3,False,False,False,False,True,False,False,True,False
202409010706,2024-03-16,1200.0,Sunny,10,2021106655,Lotus Wand,10.0,121.3,1:10.1,34.9,55,4,3F,M.Sakai,10.0,456(+2),NAKAYAMA,TURF,Gd,https://db.netkeiba.com/race/202409010706/,0,3,3,False,False,False,False,True,False,False,True,False
202409020107,2024-03-23,1400.0,Rain,10,2021110039,Courteous Manner,1.0,4.1,1:23.1,35.5,55,6,3F,Y.Kawada,2.0,440(-2),NAKAYAMA,TURF,Sft,https://db.netkeiba.com/race/202409020107/,1,3,3,False,False,True,False,False,False,False,True,False
202409020107,2024-03-23,1400.0,Rain,10,2021102013,Salt Queen,2.0,4.7,1:23.2,35.6,55,8,3F,K.Ikezoe,3.0,428(-8),NAKAYAMA,TURF,Sft,https://db.netkeiba.com/race/202409020107/,0,3,3,False,False,True,False,False,False,False,True,False
202409020107,2024-03-23,1400.0,Rain,10,2021102952,Obey Your Master,3.0,11.8,1:23.3,35.4,57,3,3C,Y.Furukawa,6.0,450(+8),NAKAYAMA,TURF,Sft,https://db.netkeiba.com/race/202409020107/,0,3,3,False,False,True,False,False,False,False,True,False
202409020107,2024-03-23,1400.0,Rain,10,2021104672,Last Christmas,4.0,21.8,1:23.6,35.8,55,10,3F,R.Sakai,8.0,464(+6),NAKAYAMA,TURF,Sft,https://db.netkeiba.com/race/202409020107/,0,3,3,False,False,True,False,False,False,False,True,False
202409020107,2024-03-23,1400.0,Rain,10,2021105608,Kazu Gortys,5.0,7.0,1:23.6,35.7,57,5,3C,B.Murzabayev,4.0,500(+2),NAKAYAMA,TURF,Sft,https://db.netkeiba.com/race/202409020107/,0,3,3,False,False,True,False,False,False,False,True,False
202409020107,2024-03-23,1400.0,Rain,10,2021103125,Copano Antonio,6.0,97.6,1:23.8,35.8,54,7,3C,S.Yoshimura,9.0,478(+2),NAKAYAMA,TURF,Sft,https://db.netkeiba.com/race/202409020107/,0,3,3,False,False,True,False,False,False,False,True,False
202409020107,2024-03-23,1400.0,Rain,10,2021105812,Vip Genie,7.0,19.7,1:24.0,35.8,57,9,3C,F.Matsuwaka,7.0,486(+14),NAKAYAMA,TURF,Sft,https://db.netkeiba.com/race/202409020107/,0,3,3,False,False,True,False,False,False,False,True,False
202409020107,2024-03-23,1400.0,Rain,10,2021105176,Kurino Spinel,8.0,224.0,1:24.4,36.1,54,2,3F,K.Taguchi,10.0,446(-2),NAKAYAMA,TURF,Sft,https://db.netkeiba.com/race/202409020107/,0,3,3,False,False,True,False,False,False,False,True,False
202409020107,2024-03-23,1400.0,Rain,10,2021105773,Jun Tone Fu,9.0,7.9,1:24.4,36.2,57,1,3C,M.Iwata,5.0,512(+28),NAKAYAMA,TURF,Sft,https://db.netkeiba.com/race/202409020107/,0,3,3,False,False,True,False,False,False,False,True,False
202409020107,2024-03-23,1400.0,Rain,10,2021105646,Taisei Response,10.0,2.9,1:24.4,36.4,57,4,3C,C.Lemaire,1.0,492(+2),NAKAYAMA,TURF,Sft,https://db.netkeiba.com/race/202409020107/,0,3,3,False,False,True,False,False,False,False,True,False
202409020405,2024-03-31,1600.0,Cloudy,9,2021105746,Altoum,2.0,3.9,1:34.5,33.6,57,7,3C,Y.Fujioka,2.0,424(-8),NAKAYAMA,TURF,Gd,https://db.netkeiba.com/race/202409020405/,0,3,3,True,False,False,False,False,False,False,True,False
202409020405,2024-03-31,1600.0,Cloudy,9,2021106815,Meiner Tigre,3.0,2.5,1:34.5,33.8,57,9,3C,T.Yokoyama,1.0,474(-4),NAKAYAMA,TURF,Gd,https://db.netkeiba.com/race/202409020405/,0,3,3,True,False,False,False,False,False,False,True,False
202409020405,2024-03-31,1600.0,Cloudy,9,2021103519,Lila Bonito,4.0,14.8,1:34.7,34.0,55,3,3F,S.Hamanaka,6.0,458(-12),NAKAYAMA,TURF,Gd,https://db.netkeiba.com/race/202409020405/,0,3,3,True,False,False,False,False,False,False,True,False
202409020405,2024-03-31,1600.0,Cloudy,9,2021104830,Gloria Laus,5.0,6.4,1:34.8,34.4,57,4,3C,H.Miyuki,4.0,492(-6),NAKAYAMA,TURF,Gd,https://db.netkeiba.com/race/202409020405/,0,3,3,True,False,False,False,False,False,False,True,False
202409020405,2024-03-31,1600.0,Cloudy,9,2021105283,Bloomin' Design,6.0,4.2,1:35.1,34.6,57,5,3C,A.Nishimura,3.0,464(0),NAKAYAMA,TURF,Gd,https://db.netkeiba.com/race/202409020405/,0,3,3,True,False,False,False,False,False,False,True,False
202409020405,2024-03-31,1600.0,Cloudy,9,2021107255,Z Spunky,7.0,81.0,1:35.1,34.4,57,2,3C,K.Fujioka,8.0,456(-5),NAKAYAMA,TURF,Gd,https://db.netkeiba.com/race/202409020405/,0,3,3,True,False,False,False,False,False,False,True,False
202409020405,2024-03-31,1600.0,Cloudy,9,2021104667,Sol Amazon,8.0,270.1,1:36.1,35.1,54,1,3C,S.Yoshimura,9.0,452(+2),NAKAYAMA,TURF,Gd,https://db.netkeiba.com/race/202409020405/,0,3,3,True,False,False,False,False,False,False,True,False
202409020405,2024-03-31,1600.0,Cloudy,9,2021102718,Nobori Shoryu,9.0,47.1,1:36.4,35.8,56,8,3C,T.Tsunoda,7.0,456(-2),NAKAYAMA,TURF,Gd,https://db.netkeiba.com/race/202409020405/,0,3,3,True,False,False,False,False,False,False,True,False
202409020506,2024-04-06,1200.0,Sunny,10,2021102461,Band Shell,2.0,2.3,1:08.8,33.9,57,4,3C,J.Moreira,1.0,474(-2),FUKUSHIMA,TURF,Gd,https://db.netkeiba.com/race/202409020506/,0,3,3,False,False,False,False,True,False,False,True,False
202409020506,2024-04-06,1200.0,Sunny,10,2021110049,Awaking,4.0,6.0,1:08.9,33.8,57,8,3C,R.Sakai,3.0,496(-4),FUKUSHIMA,TURF,Gd,https://db.netkeiba.com/race/202409020506/,0,3,3,False,False,False,False,True,False,False,True,False
202409020506,2024-04-06,1200.0,Sunny,10,2021106615,Can See Angel,5.0,10.0,1:09.0,34.1,55,1,3F,K.Matsuyama,6.0,460(+6),FUKUSHIMA,TURF,Gd,https://db.netkeiba.com/race/202409020506/,0,3,3,False,False,False,False,True,False,False,True,False
202409020506,2024-04-06,1200.0,Sunny,10,2021105812,Vip Genie,6.0,97.0,1:09.0,33.4,57,3,3C,F.Matsuwaka,7.0,478(-8),FUKUSHIMA,TURF,Gd,https://db.netkeiba.com/race/202409020506/,0,3,3,False,False,False,False,True,False,False,True,False
202409020506,2024-04-06,1200.0,Sunny,10,2021104928,Trapeziste,7.0,6.2,1:09.1,34.3,57,9,3C,B.Murzabayev,4.0,520(+4),FUKUSHIMA,TURF,Gd,https://db.netkeiba.com/race/202409020506/,0,3,3,False,False,False,False,True,False,False,True,False
202409020506,2024-04-06,1200.0,Sunny,10,2021106586,Loveca Moon,8.0,102.3,1:09.2,34.0,52,5,3F,S.Imamura,8.0,458(-8),FUKUSHIMA,TURF,Gd,https://db.netkeiba.com/race/202409020506/,0,3,3,False,False,False,False,True,False,False,True,False
202409020506,2024-04-06,1200.0,Sunny,10,2021105773,Jun Tone Fu,9.0,149.9,1:09.2,33.7,57,2,3C,M.Iwata,10.0,508(-4),FUKUSHIMA,TURF,Gd,https://db.netkeiba.com/race/202409020506/,0,3,3,False,False,False,False,True,False,False,True,False
202409020506,2024-04-06,1200.0,Sunny,10,2021103837,Queen's Shaula,10.0,109.2,1:09.3,34.0,54,6,3F,T.Tsunoda,9.0,404(-12),FUKUSHIMA,TURF,Gd,https://db.netkeiba.com/race/202409020506/,0,3,3,False,False,False,False,True,False,False,True,False
202410010309,2024-01-20,1200.0,Rain,7,2021100899,Big Dream,1.0,1.8,1:09.9,35.9,57,1,3C,H.Yoshida,1.0,522(0),NAKAYAMA,TURF,Yld,https://db.netkeiba.com/race/202410010309/,1,3,3,False,False,True,False,False,False,False,True,False
202410010309,2024-01-20,1200.0,Rain,7,2021104404,Chou Cream,3.0,3.1,1:10.0,36.2,55,2,3F,H.Miyuki,2.0,430(+12),NAKAYAMA,TURF,Yld,https://db.netkeiba.com/race/202410010309/,0,3,3,False,False,True,False,False,False,False,True,False
202410010309,2024-01-20,1200.0,Rain,7,2021109123,Yume Kanauken,4.0,44.1,1:10.5,35.8,55,5,3F,G.Maruyama,6.0,410(-2),NAKAYAMA,TURF,Yld,https://db.netkeiba.com/race/202410010309/,0,3,3,False,False,True,False,False,False,False,True,False
202410010309,2024-01-20,1200.0,Rain,7,2021101386,Call Me Maybe,5.0,178.0,1:11.4,35.7,55,7,3F,M.Okabe,7.0,428(-5),NAKAYAMA,TURF,Yld,https://db.netkeiba.com/race/202410010309/,0,3,3,False,False,True,False,False,False,False,True,False
202410010309,2024-01-20,1200.0,Rain,7,2021104140,Grace Rouge,6.0,13.8,1:11.4,37.5,55,6,3F,D.Sasaki,4.0,406(-14),NAKAYAMA,TURF,Yld,https://db.netkeiba.com/race/202410010309/,0,3,3,False,False,True,False,False,False,False,True,False
202410010309,2024-01-20,1200.0,Rain,7,2021102562,Pulp Fiction,7.0,17.0,1:11.5,36.9,55,4,3F,Y.Kitamura,5.0,438(0),NAKAYAMA,TURF,Yld,https://db.netkeiba.com/race/202410010309/,0,3,3,False,False,True,False,False,False,False,True,False
202410020709,2024-03-02,1200.0,Sunny,13,2021101598,Uncle Cross,1.0,3.0,1:09.8,34.8,57,6,3C,Y.Nagaoka,1.0,462(0),NAKAYAMA,TURF,Yld,https://db.netkeiba.com/race/202410020709/,1,3,3,False,False,False,False,True,False,False,True,False
202410020709,2024-03-02,1200.0,Sunny,13,2021100356,Cool Baby,2.0,28.2,1:10.0,35.6,55,3,3F,K.Ogino,8.0,464(0),NAKAYAMA,TURF,Yld,https://db.netkeiba.com/race/202410020709/,0,3,3,False,False,False,False,True,False,False,True,False
202410020709,2024-03-02,1200.0,Sunny,13,2021110002,World Series,3.0,4.2,1:10.2,35.2,57,9,3C,K.Fujioka,2.0,454(+2),NAKAYAMA,TURF,Yld,https://db.netkeiba.com/race/202410020709/,0,3,3,False,False,False,False,True,False,False,True,False
202410020709,2024-03-02,1200.0,Sunny,13,2021106648,Bene Merenti,4.0,24.5,1:10.2,35.4,55,4,3F,A.Tomita,7.0,438(+6),NAKAYAMA,TURF,Yld,https://db.netkeiba.com/race/202410020709/,0,3,3,False,False,False,False,True,False,False,True,False
202410020709,2024-03-02,1200.0,Sunny,13,2021105175,St Kilda,5.0,36.4,1:10.2,34.9,57,11,3C,M.Nagashima,10.0,466(0),NAKAYAMA,TURF,Yld,https://db.netkeiba.com/race/202410020709/,0,3,3,False,False,False,False,True,False,False,True,False
202410020709,2024-03-02,1200.0,Sunny,13,2021102054,Lux Paradis,6.0,28.2,1:10.2,35.7,55,7,3F,Y.Tannai,9.0,406(+4),NAKAYAMA,TURF,Yld,https://db.netkeiba.com/race/202410020709/,0,3,3,False,False,False,False,True,False,False,True,False
202410020709,2024-03-02,1200.0,Sunny,13,2021104672,Last Christmas,7.0,23.2,1:10.4,35.3,55,13,3F,Y.Hishida,6.0,458(+6),NAKAYAMA,TURF,Yld,https://db.netkeiba.com/race/202410020709/,0,3,3,False,False,False,False,True,False,False,True,False
202410020709,2024-03-02,1200.0,Sunny,13,2021103493,Iris Azul,8.0,8.4,1:10.5,35.9,55,1,3F,Y.Tsunoda,5.0,448(-2),NAKAYAMA,TURF,Yld,https://db.netkeiba.com/race/202410020709/,0,3,3,False,False,False,False,True,False,False,True,False
202410020709,2024-03-02,1200.0,Sunny,13,2021102295,Chuwa Career,9.0,5.6,1:10.8,36.1,55,10,3F,M.Katsuura,4.0,504(+4),NAKAYAMA,TURF,Yld,https://db.netkeiba.com/race/202410020709/,0,3,3,False,False,False,False,True,False,False,True,False
202410020709,2024-03-02,1200.0,Sunny,13,2021100248,Seiun Deseo,10.0,5.0,1:11.0,36.1,55,12,3F,H.Miyuki,3.0,470(-4),NAKAYAMA,TURF,Yld,https://db.netkeiba.com/race/202410020709/,0,3,3,False,False,False,False,True,False,False,True,False
202410020709,2024-03-02,1200.0,Sunny,13,2021100429,T M Bonita,11.0,505.6,1:11.0,35.5,55,8,3F,R.Kobayashi,12.0,456(+4),NAKAYAMA,TURF,Yld,https://db.netkeiba.com/race/202410020709/,0,3,3,False,False,False,False,True,False,False,True,False
202410020709,2024-03-02,1200.0,Sunny,13,2021101386,Call Me Maybe,12.0,315.4,1:11.1,35.6,55,5,3F,M.Okabe,11.0,428(-10),NAKAYAMA,TURF,Yld,https://db.netkeiba.com/race/202410020709/,0,3,3,False,False,False,False,True,False,False,True,False
202410020709,2024-03-02,1200.0,Sunny,13,2021100015,Kiran,13.0,536.1,1:11.1,35.8,55,2,3F,H.Mayuzumi,13.0,376(-8),NAKAYAMA,TURF,Yld,https://db.netkeiba.com/race/202410020709/,0,3,3,False,False,False,False,True,False,False,True,False
